,Player,Span,Years,Inns,R/I,HS,Avg,SR,100/I,50/I,6+4/BF,Class
0,V Kohli (INDIA),2009-2012,4,82,45.45121951219512,183,53.24,87.54,0.15853658536585366,0.24390243902439024,0.08550622504110876,RS
1,Yuvraj Singh (INDIA),2002-2005,4,99,29.686868686868692,139,34.57,85.48,0.0505050505050505,0.18181818181818185,0.09918557300756252,RS
2,Shoaib Malik (PAK),2002-2005,4,81,30.790123456790123,143,34.16,78.79,0.04938271604938271,0.19753086419753085,0.07330173775671406,RS
3,CH Gayle (WI),2001-2003,3,57,42.368421052631575,152,42.36,80.31,0.08771929824561403,0.2982456140350877,0.11074160292650484,RS
4,Shakib Al Hasan (BDESH),2007-2011,5,83,27.180722891566266,108,30.9,79.74,0.04819277108433735,0.18072289156626506,0.0767055496641923,RS
5,WU Tharanga (Asia/SL),2005-2009,5,73,29.83561643835617,120,30.25,70.41,0.0821917808219178,0.1232876712328767,0.08535402521823472,NRS
6,Salman Butt (PAK),2004-2008,5,54,39.018518518518526,136,41.31,78.64,0.12962962962962962,0.16666666666666666,0.1015304217991788,RS
7,Tamim Iqbal (BDESH),2009-2012,4,65,32.18461538461539,154,32.68,88.19,0.030769230769230767,0.24615384615384614,0.1087689713322091,RS
8,Mohammad Ashraful (Asia/BDESH),2004-2008,5,88,23.488636363636363,109,26.16,73.97,0.022727272727272728,0.125,0.0812455261274159,RS
9,AB de Villiers (Afr/SA),2005-2008,4,62,32.87096774193548,146,36.39,86.02,0.04838709677419355,0.1935483870967742,0.11355002110595187,RS
10,GC Smith (SA),2002-2005,4,56,35.642857142857146,99,36.96,73.84,0.0,0.26785714285714285,0.08694043655197928,RS
11,SK Raina (INDIA),2007-2010,4,60,32.1,116,40.97,97.27,0.05,0.21666666666666667,0.10757575757575756,RS
12,RR Sarwan (WI),2001-2004,4,57,33.631578947368425,104,46.75,78.75,0.03508771929824561,0.15789473684210525,0.07313064913722267,RS
13,Umar Akmal (PAK),2010-2013,4,63,29.714285714285715,91,35.32,85.75,0.0,0.20634920634920634,0.08657810352725608,RS
14,Shahriar Nafees (BDESH),2005-2008,4,60,30.95,123,33.76,69.68,0.06666666666666668,0.16666666666666666,0.08968105065666042,NRS
15,BRM Taylor (ZIM),2006-2009,4,62,29.596774193548388,118,34.62,72.27,0.016129032258064516,0.1935483870967742,0.0677432059866089,NRS
16,E Chigumbura (Afr/ZIM),2006-2010,5,78,22.7051282051282,79,24.94,81.5,0.0,0.1282051282051282,0.08697653014265992,RS
17,Abdul Razzaq (PAK),2001-2003,3,67,24.22388059701493,112,31.82,80.82,0.01492537313432836,0.1044776119402985,0.08167330677290836,RS
18,M Kaif (INDIA),2002-2004,3,66,23.87878787878788,111,30.9,73.57,0.015151515151515154,0.13636363636363635,0.06349206349206349,NRS
19,LD Chandimal (SL),2010-2013,4,61,25.393442622950822,111,30.37,73.2,0.032786885245901634,0.14754098360655735,0.06474480151228733,NRS
20,MJ Clarke (AUS),2003-2005,3,45,33.333333333333336,105,45.45,89.02,0.04444444444444445,0.17777777777777778,0.09258160237388724,RS
21,EJG Morgan (ENG/IRE),2007-2010,4,49,30.081632653061227,115,37.79,80.1,0.061224489795918366,0.16326530612244894,0.09130434782608696,RS
22,Aftab Ahmed (BDESH),2006-2008,3,58,24.689655172413797,92,26.51,90.0,0.0,0.1896551724137931,0.11879321181646765,RS
23,Mushfiqur Rahim (BDESH),2007-2011,5,68,19.83823529411765,98,23.66,69.0,0.0,0.08823529411764706,0.06189258312020461,NRS
24,Raqibul Hasan (BDESH),2008-2011,4,54,24.222222222222218,89,27.82,61.32,0.0,0.14814814814814814,0.05157055789967183,NRS
25,KS Williamson (NZ),2010-2013,4,42,30.357142857142854,145,35.41,77.22,0.07142857142857142,0.14285714285714285,0.06662628709872805,NRS
26,RG Sharma (INDIA),2007-2011,5,57,21.894736842105264,114,27.13,75.72,0.03508771929824561,0.08771929824561403,0.06189320388349515,NRS
27,CK Kapugedera (SL),2007-2011,5,57,21.73684210526316,95,24.29,71.24,0.0,0.10526315789473684,0.061529614721104076,NRS
28,MN Samuels (WI),2001-2005,5,45,27.422222222222217,108,33.35,77.85,0.022222222222222227,0.17777777777777778,0.09211356466876973,RS
29,V Sibanda (Afr/ZIM),2003-2007,5,53,22.981132075471695,116,23.88,61.95,0.018867924528301886,0.1509433962264151,0.07731434384537131,NRS
30,Shahid Afridi (PAK),2001-2003,3,55,22.072727272727274,108,23.34,109.66,0.01818181818181818,0.14545454545454545,0.15989159891598914,RS
31,Junaid Siddique (BDESH),2007-2011,5,53,22.566037735849058,100,23.0,68.22,0.018867924528301886,0.11320754716981132,0.0713063320022818,NRS
32,DD Ebrahim (ZIM),2001-2004,4,63,18.460317460317462,121,19.71,57.34,0.015873015873015872,0.031746031746031744,0.04339250493096647,NRS
33,S Matsikenyeri (ZIM),2003-2007,5,58,19.844827586206893,89,21.31,65.99,0.0,0.08620689655172414,0.07568807339449543,NRS
34,IK Pathan (INDIA),2004-2008,5,58,19.844827586206893,83,24.48,78.78,0.0,0.08620689655172414,0.09582477754962354,RS
35,DM Bravo (WI),2009-2013,5,44,24.95454545454545,86,28.89,67.69,0.0,0.1590909090909091,0.06966707768187423,NRS
36,T Taibu (Afr/ZIM),2003-2005,3,47,22.510638297872337,96,25.19,62.27,0.0,0.10638297872340426,0.049440847557386695,NRS
37,PR Stirling (IRE),2010-2013,4,27,38.85185185185185,177,38.85,105.11,0.1851851851851852,0.037037037037037035,0.14729458917835672,NRS
38,JA Rudolph (SA),2003-2005,3,31,32.29032258064516,81,38.5,70.64,0.0,0.1935483870967742,0.06986591390261115,NRS
39,LRPL Taylor (NZ),2006-2008,3,34,29.294117647058826,128,35.57,82.24,0.05882352941176471,0.1176470588235294,0.09661436829066887,RS
40,DJ Bravo (WI),2004-2007,4,55,18.03636363636364,112,24.19,79.1,0.01818181818181818,0.03636363636363636,0.07416267942583732,NRS
41,HDRL Thirimanne (SL),2010-2013,4,38,26.052631578947373,102,29.11,67.71,0.02631578947368421,0.15789473684210525,0.05198358413132695,NRS
42,AA Obanda (KENYA),2008-2011,4,34,27.735294117647058,96,28.57,73.84,0.0,0.17647058823529413,0.0947533281127643,RS
43,SC Williams (ZIM),2006-2009,4,36,25.805555555555557,75,30.96,72.46,0.0,0.2777777777777778,0.0592823712948518,NRS
44,Imrul Kayes (BDESH),2008-2010,3,30,29.8,101,29.8,65.35,0.03333333333333333,0.2,0.07017543859649122,NRS
45,RA Jadeja (INDIA),2009-2012,4,40,21.5,78,28.66,78.61,0.0,0.125,0.06672760511882997,NRS
46,BB McCullum (NZ),2002-2005,4,51,16.686274509803926,56,22.39,71.51,0.0,0.05882352941176471,0.07226890756302523,NRS
47,CJ Chibhabha (ZIM),2006-2010,5,41,20.170731707317074,73,20.17,58.69,0.0,0.14634146341463414,0.048970901348474094,NRS
48,AD Mathews (SL),2008-2011,4,32,24.875,77,34.6,85.13,0.0,0.1875,0.06844919786096257,NRS
49,RV Uthappa (INDIA),2006-2008,3,34,23.117647058823533,86,27.1,91.92,0.0,0.14705882352941174,0.1286549707602339,RS
50,DR Smith (WI),2004-2007,4,52,14.769230769230768,68,15.36,101.58,0.0,0.038461538461538464,0.12962962962962962,NRS
51,Imran Farhat (PAK),2003-2006,4,22,34.54545454545455,107,36.19,72.58,0.045454545454545456,0.18181818181818185,0.0936007640878701,RS
52,Mahmudullah (BDESH),2007-2010,4,33,22.90909090909091,64,34.36,71.93,0.0,0.12121212121212123,0.057088487155090385,NRS
53,RS Bopara (ENG),2007-2009,3,34,21.970588235294123,60,28.73,71.62,0.0,0.1176470588235294,0.07478427612655801,NRS
54,Kamran Akmal (PAK),2002-2005,4,28,26.285714285714285,124,32.0,91.65,0.10714285714285714,0.0,0.1133250311332503,NRS
55,Rajin Saleh (BDESH),2004-2006,3,35,21.02857142857143,108,21.64,53.84,0.028571428571428567,0.11428571428571427,0.0548646671543526,NRS
56,KA Pollard (WI),2008-2011,4,34,21.058823529411768,94,21.05,104.22,0.0,0.08823529411764706,0.11353711790393012,NRS
57,AN Cook (ENG),2006-2008,3,23,30.52173913043478,102,30.52,68.15,0.043478260869565216,0.13043478260869565,0.07475728155339806,NRS
58,H Masakadza (ZIM),2004-2007,4,36,19.33333333333333,75,20.47,64.44,0.0,0.1388888888888889,0.060185185185185175,NRS
59,Nasir Hossain (BDESH),2011-2013,3,20,34.45,100,45.93,82.02,0.05,0.2,0.08452380952380953,RS
60,MF Maharoof (SL),2004-2008,5,47,14.595744680851064,69,19.6,84.06,0.0,0.0425531914893617,0.0943627450980392,NRS
61,WTS Porterfield (IRE),2006-2008,3,27,25.37037037037037,112,27.4,59.41,0.07407407407407407,0.07407407407407407,0.05030355594102342,NRS
62,Mashrafe Mortaza (Asia/BDESH),2004-2007,4,42,15.595238095238097,51,19.26,98.34,0.0,0.023809523809523808,0.11561561561561562,NRS
63,Mohammad Shahzad (AFG),2009-2011,3,16,40.75,118,43.46,91.57,0.1875,0.1875,0.11376404494382025,RS
64,JP Duminy (SA),2004-2008,5,24,25.75,79,36.35,73.3,0.0,0.125,0.061684460260972726,NRS
65,KOA Powell (WI),2011-2013,3,20,30.7,83,30.7,79.43,0.0,0.25,0.10219922380336352,RS
66,Imran Nazir (PAK),2002-2004,3,26,23.23076923076923,66,24.16,80.0,0.0,0.15384615384615385,0.11258278145695363,NRS
67,D Ramdin (WI),2005-2009,5,43,13.813953488372093,74,19.8,79.41,0.0,0.04651162790697674,0.07219251336898395,NRS
68,Naeem Islam (BDESH),2008-2010,3,33,16.484848484848484,73,28.63,65.14,0.0,0.030303030303030307,0.06467065868263472,NRS
69,RR Patel (KENYA),2009-2013,5,26,20.26923076923077,92,23.95,65.3,0.0,0.07692307692307693,0.07187112763320942,NRS
70,P Utseya (ZIM),2005-2009,5,53,9.679245283018867,68,14.25,53.21,0.0,0.03773584905660377,0.03734439834024896,NRS
71,TJ Friend (ZIM),2001-2004,4,32,15.96875,91,17.03,78.37,0.0,0.09375,0.09049079754601227,NRS
72,NLTC Perera (SL),2009-2013,5,39,12.974358974358973,69,15.81,110.48,0.0,0.02564102564102564,0.12008733624454147,NRS
73,BG Rogers (ZIM),2002-2005,4,15,31.86666666666667,84,31.86,69.37,0.0,0.3333333333333333,0.0899854862119013,NRS
74,Taufeeq Umar (PAK),2001-2005,5,19,23.52631578947368,81,24.83,57.45,0.0,0.15789473684210525,0.06169665809768636,NRS
75,AN Kervezee (NL),2010-2012,3,15,27.93333333333333,92,29.92,85.33,0.0,0.13333333333333333,0.1079429735234216,RS
76,Farhad Reza (BDESH),2006-2008,3,29,13.448275862068966,50,16.95,64.89,0.0,0.03448275862068965,0.07487520798668885,NRS
77,DA Miller (SA),2010-2013,4,18,21.277777777777782,67,29.46,101.05,0.0,0.16666666666666666,0.09762532981530343,NRS
78,SPD Smith (AUS),2010-2013,4,22,17.272727272727273,46,21.11,86.75,0.0,0.0,0.0684931506849315,NRS
79,Noor Ali Zadran (AFG),2009-2012,4,14,26.5,114,28.53,70.66,0.07142857142857142,0.07142857142857142,0.06857142857142857,NRS
80,Asghar Stanikzai (AFG),2009-2011,3,17,21.529411764705888,64,24.4,55.28,0.0,0.1176470588235294,0.04682779456193353,NRS
81,Harbhajan Singh (INDIA),2001-2003,3,39,8.871794871794874,46,11.53,89.17,0.0,0.0,0.10309278350515463,NRS
82,SR Watson (AUS),2002-2005,4,20,17.05,77,31.0,68.06,0.0,0.05,0.04590818363273453,NRS
83,SCJ Broad (ENG),2006-2010,5,37,9.135135135135137,45,14.69,74.12,0.0,0.0,0.05701754385964913,NRS
84,T Mishra (KENYA),2007-2010,4,11,27.818181818181817,66,34.0,78.86,0.0,0.18181818181818185,0.07216494845360824,NRS
85,LE Plunkett (ENG),2005-2007,3,24,12.291666666666664,56,21.07,85.26,0.0,0.04166666666666666,0.07514450867052024,NRS
86,RD Berrington (SCOT),2008-2010,3,14,20.857142857142858,84,22.46,71.74,0.0,0.14285714285714285,0.06388206388206387,NRS
87,GC Wilson (IRE),2007-2009,3,16,18.125,51,19.33,65.46,0.0,0.125,0.08577878103837472,NRS
88,ADS Fletcher (WI),2008-2010,3,15,17.066666666666666,54,17.06,70.13,0.0,0.13333333333333333,0.0958904109589041,NRS
89,Alok Kapali (BDESH),2004-2006,3,21,12.0,55,12.6,59.43,0.0,0.047619047619047616,0.042452830188679236,NRS
90,CO Obuya (KENYA),2001-2003,3,22,11.181818181818182,29,12.94,58.85,0.0,0.0,0.05502392344497608,NRS
91,Tapash Baisya (BDESH),2003-2006,4,30,8.166666666666666,33,11.13,57.37,0.0,0.0,0.049180327868852465,NRS
92,DL Vettori (NZ),2001-2003,3,31,7.774193548387097,30,12.68,70.26,0.0,0.0,0.043731778425655975,NRS
93,NS Poonia (SCOT),2006-2009,4,21,11.285714285714285,67,11.28,62.86,0.0,0.047619047619047616,0.08753315649867374,NRS
94,DO Obuya (KENYA),2001-2003,3,23,9.869565217391305,57,10.8,46.13,0.0,0.043478260869565216,0.054878048780487805,NRS
95,P Kumar (INDIA),2007-2010,4,24,9.375,54,13.23,85.22,0.0,0.04166666666666666,0.0946969696969697,NRS
96,Manjural Islam Rana (BDESH),2004-2006,3,17,13.058823529411766,43,17.07,47.84,0.0,0.0,0.03017241379310345,NRS
97,Fawad Alam (PAK),2007-2009,3,12,17.5,63,42.0,73.68,0.0,0.08333333333333333,0.04912280701754386,NRS
98,DC Thomas (WI),2011-2013,3,18,11.611111111111109,37,12.29,62.95,0.0,0.0,0.0572289156626506,NRS
99,TG Southee (NZ),2008-2012,5,31,6.709677419354839,32,10.94,88.51,0.0,0.0,0.08085106382978724,NRS
100,HS Baidwan (CAN),2008-2011,4,16,12.5625,33,22.33,67.0,0.0,0.0,0.04,NRS
101,CK Coventry (ZIM),2003-2006,4,10,19.9,74,19.9,85.77,0.0,0.1,0.11206896551724138,NRS
102,Mohammad Sami (PAK),2001-2004,4,33,5.909090909090909,23,13.0,61.9,0.0,0.0,0.0380952380952381,NRS
103,WD Parnell (SA),2009-2012,4,13,14.0,49,18.2,74.89,0.0,0.0,0.06584362139917696,NRS
104,RW Chakabva (ZIM),2008-2011,4,10,17.6,45,19.55,59.45,0.0,0.0,0.054054054054054064,NRS
105,KS Lokuarachchi (SL),2003-2006,4,13,13.384615384615385,69,15.81,78.02,0.0,0.07692307692307693,0.04932735426008968,NRS
106,ML Nkala (ZIM),2001-2005,5,19,9.105263157894736,47,11.53,58.44,0.0,0.0,0.05067567567567568,NRS
107,Usman Limbada (CAN),2010-2013,4,10,17.0,50,18.88,68.82,0.0,0.1,0.07692307692307693,NRS
108,CL White (AUS),2005-2007,3,10,15.7,45,22.42,116.29,0.0,0.0,0.11851851851851852,NRS
109,MA Ouma (KENYA),2004-2006,3,11,13.636363636363635,49,13.63,44.11,0.0,0.0,0.04411764705882353,NRS
110,AD Poynter (IRE),2008-2010,3,11,13.545454545454545,78,18.62,56.65,0.0,0.09090909090909093,0.049429657794676805,NRS
111,Tushar Imran (BDESH),2005-2007,3,15,9.866666666666667,32,9.86,49.66,0.0,0.0,0.053691275167785234,NRS
112,CS Baugh (WI),2003-2006,4,11,13.272727272727273,29,24.33,81.56,0.0,0.0,0.09497206703910614,NRS
113,KAJ Roach (WI),2008-2012,5,25,5.52,24,11.5,48.59,0.0,0.0,0.04225352112676056,NRS
114,T Mupariwa (ZIM),2006-2009,4,21,6.523809523809524,33,9.78,52.69,0.0,0.0,0.04230769230769231,NRS
115,RJ Trott (BMUDA),2007-2009,3,10,13.0,48,21.66,52.2,0.0,0.0,0.03614457831325301,NRS
116,A Maregwede (ZIM),2003-2005,3,11,11.272727272727273,37,12.4,56.88,0.0,0.0,0.05504587155963303,NRS
117,JE Taylor (WI),2006-2008,3,18,6.777777777777778,43,11.09,97.6,0.0,0.0,0.11199999999999999,NRS
118,JEC Franklin (NZ),2001-2004,4,16,7.25,25,8.92,55.23,0.0,0.0,0.047619047619047616,NRS
119,L Balaji (INDIA),2002-2005,4,15,7.533333333333332,21,12.55,79.57,0.0,0.0,0.07042253521126761,NRS
120,NB Mahwire (ZIM),2004-2006,3,17,6.647058823529411,22,11.3,47.67,0.0,0.0,0.029535864978902957,NRS
121,Shafiul Islam (BDESH),2010-2013,4,27,4.037037037037037,24,5.73,55.89,0.0,0.0,0.06666666666666668,NRS
122,DCC Borden (BMUDA),2006-2008,3,11,8.909090909090908,24,14.0,50.25,0.0,0.0,0.04615384615384616,NRS
123,RP Singh (INDIA),2006-2009,4,17,5.470588235294118,23,9.3,40.08,0.0,0.0,0.02155172413793104,NRS
124,PM Seelaar (NL),2007-2011,5,16,5.6875,34,11.37,55.15,0.0,0.0,0.060606060606060615,NRS
125,CRD Fernando (SL),2001-2003,3,23,3.5217391304347827,13,8.1,52.94,0.0,0.0,0.0457516339869281,NRS
126,ST Finn (ENG),2011-2013,3,12,6.666666666666668,35,13.33,89.88,0.0,0.0,0.12359550561797752,NRS
127,KD Mills (NZ),2001-2003,3,11,7.1818181818181825,23,11.28,46.74,0.0,0.0,0.035502958579881665,NRS
128,SL Malinga (SL),2004-2007,4,17,4.117647058823529,15,7.77,65.42,0.0,0.0,0.04672897196261682,NRS
129,Shahadat Hossain (BDESH),2006-2010,5,21,3.333333333333333,16,7.77,55.11,0.0,0.0,0.06299212598425198,NRS
130,JM Anderson (ENG),2002-2006,5,19,3.631578947368421,12,6.9,36.5,0.0,0.0,0.021164021164021163,NRS
131,DT Hondo (ZIM),2001-2003,3,14,4.357142857142857,15,10.16,42.95,0.0,0.0,0.06338028169014084,NRS
132,Syed Rasel (BDESH),2005-2008,4,18,3.111111111111111,15,4.66,40.28,0.0,0.0,0.03597122302158273,NRS
133,Umar Gul (PAK),2006-2008,3,11,5.0,17,9.16,65.47,0.0,0.0,0.08333333333333333,NRS
134,RAP Nissanka (SL),2001-2003,3,13,4.076923076923077,11,6.62,37.85,0.0,0.0,0.03571428571428571,NRS
135,Junaid Khan (PAK),2011-2013,3,16,3.0,25,6.0,51.06,0.0,0.0,0.0425531914893617,NRS
136,A Nehra (INDIA),2001-2003,3,14,3.3571428571428568,24,9.4,59.49,0.0,0.0,0.06329113924050632,NRS
137,Abdur Razzak (BDESH),2004-2006,3,11,4.090909090909091,21,7.5,70.31,0.0,0.0,0.03125,NRS
138,Rubel Hossain (BDESH),2010-2013,4,18,2.3888888888888893,15,5.37,56.57,0.0,0.0,0.06578947368421052,NRS
139,E Otieno (KENYA),2008-2011,4,15,2.6666666666666665,11,4.44,33.61,0.0,0.0,0.025210084033613446,NRS
140,I Sharma (INDIA),2008-2011,4,10,3.4,13,4.25,33.33,0.0,0.0,0.029411764705882356,NRS
141,AJ Ireland (ZIM),2005-2007,3,13,2.3076923076923075,8,3.75,29.7,0.0,0.0,0.0198019801980198,NRS
142,TCB Fernando (SL),2001-2003,3,10,2.9,14,7.25,49.15,0.0,0.0,0.0,NRS
143,KM Jarvis (ZIM),2009-2012,4,10,2.9,13,4.83,37.66,0.0,0.0,0.025974025974025976,NRS
144,EC Rainsford (ZIM),2006-2008,3,11,2.272727272727273,9,6.25,33.33,0.0,0.0,0.0,NRS
145,CB Mpofu (ZIM),2006-2009,4,16,0.875,4,1.75,21.87,0.0,0.0,0.015625,NRS
146,Nazmul Hossain (BDESH),2008-2011,4,10,0.5,3,1.25,13.88,0.0,0.0,0.0,NRS
147,V Sehwag (INDIA),2001-2003,3,69,32.39130434782609,126,35.47,96.92,0.07246376811594203,0.15942028985507245,0.15351257588898526,RS
148,MJ Guptill (NZ),2009-2011,3,50,31.44,122,35.72,79.75,0.02,0.22,0.09335362760020294,RS
149,MS Dhoni (INDIA),2004-2006,3,43,34.116279069767444,183,48.9,100.96,0.04651162790697674,0.18604651162790695,0.12112869924294566,RS
150,IR Bell (ENG),2004-2007,4,40,34.4,88,37.18,69.31,0.0,0.25,0.06347607052896725,NRS
151,L Vincent (NZ),2001-2003,3,59,18.83050847457627,60,21.78,57.06,0.0,0.06779661016949153,0.04468412942989214,NRS
152,C Kieswetter (ENG),2010-2012,3,37,27.35135135135135,107,30.66,91.08,0.027027027027027032,0.13513513513513514,0.1188118811881188,RS
153,RL Powell (WI),2001-2003,3,41,20.317073170731707,88,26.03,100.24,0.0,0.07317073170731707,0.12274368231046932,RS
154,KD Karthik (INDIA),2006-2010,5,34,23.764705882352942,79,29.92,77.09,0.0,0.1176470588235294,0.08587786259541985,RS
155,KJ O'Brien (IRE),2006-2008,3,26,29.34615384615385,142,31.79,80.65,0.038461538461538464,0.1153846153846154,0.08562367864693446,RS
156,AD Russell (WI),2011-2013,3,27,24.444444444444446,92,30.0,119.34,0.0,0.1111111111111111,0.16455696202531644,RS
157,TM Odoyo (KENYA),2001-2003,3,28,21.785714285714285,53,23.46,65.66,0.0,0.07142857142857142,0.077502691065662,NRS
158,Mohammad Hafeez (PAK),2003-2005,3,30,18.1,69,18.1,51.56,0.0,0.1,0.06077872744539412,NRS
159,DA Marillier (ZIM),2001-2003,3,30,17.466666666666665,100,20.15,77.05,0.03333333333333333,0.1,0.07794117647058824,NRS
160,LJ Wright (ENG),2007-2010,4,22,21.227272727272727,52,23.35,102.41,0.0,0.09090909090909093,0.13157894736842105,NRS
161,JDP Oram (NZ),2001-2003,3,32,13.875,59,15.85,71.38,0.0,0.03125,0.08038585209003216,NRS
162,MA Vermeulen (ZIM),2002-2004,3,18,24.0,79,30.85,71.64,0.0,0.2222222222222222,0.10945273631840796,RS
163,G Gambhir (INDIA),2003-2006,4,16,25.5625,103,25.56,75.88,0.0625,0.0625,0.11688311688311688,NRS
164,AM Rahane (INDIA),2011-2013,3,16,25.25,91,25.25,72.66,0.0,0.125,0.07913669064748201,RS
165,AM Blignaut (ZIM),2001-2003,3,20,19.05,63,22.41,112.38,0.0,0.2,0.14749262536873156,NRS
166,A Bagai (CAN),2003-2007,5,19,18.736842105263158,64,22.25,55.53,0.0,0.15789473684210525,0.0608424336973479,NRS
167,AG Cremer (ZIM),2009-2011,3,28,11.285714285714285,37,16.63,63.32,0.0,0.0,0.052104208416833664,NRS
168,Samiullah Shenwari (AFG),2009-2011,3,12,25.0,82,30.0,69.12,0.0,0.16666666666666666,0.06451612903225806,NRS
169,OA Shah (ENG),2001-2003,3,15,18.866666666666667,62,21.76,65.96,0.0,0.13333333333333333,0.046620046620046623,NRS
170,CS MacLeod (SCOT),2011-2013,3,12,22.75,99,24.81,60.0,0.0,0.08333333333333333,0.04615384615384616,NRS
171,PW Borren (NL),2006-2008,3,17,15.470588235294118,96,15.47,91.63,0.0,0.05882352941176471,0.0940766550522648,NRS
172,TT Bresnan (ENG),2006-2009,4,14,18.071428571428573,80,31.62,95.47,0.0,0.07142857142857142,0.11320754716981132,NRS
173,LMP Simmons (WI),2006-2009,4,14,17.714285714285715,70,20.66,57.8,0.0,0.14285714285714285,0.06526806526806526,NRS
174,Al Sahariar (BDESH),2001-2003,3,22,11.181818181818182,59,11.18,52.67,0.0,0.045454545454545456,0.0728051391862955,NRS
175,MJ Prior (ENG),2004-2006,3,12,20.0,45,20.0,70.79,0.0,0.0,0.112094395280236,NRS
176,GEF Barnett (CAN),2006-2008,3,12,18.916666666666668,77,18.91,57.17,0.0,0.08333333333333333,0.07052896725440806,NRS
177,PL Mommsen (SCOT),2010-2012,3,11,19.0,80,19.0,51.73,0.0,0.09090909090909093,0.04455445544554455,NRS
178,Z Khan (INDIA),2001-2003,3,30,6.5,34,9.28,64.35,0.0,0.0,0.06930693069306931,NRS
179,SP Narine (WI),2011-2013,3,19,10.0,36,11.87,83.33,0.0,0.0,0.10087719298245612,NRS
180,Sohail Tanvir (PAK),2007-2009,3,18,10.111111111111109,59,14.0,95.78,0.0,0.05555555555555555,0.1,NRS
181,TC Bastiampillai (CAN),2007-2010,4,11,14.818181818181818,49,14.81,63.42,0.0,0.0,0.10505836575875488,NRS
182,U Bhatti (CAN),2006-2008,3,17,9.588235294117649,22,13.58,79.9,0.0,0.0,0.0784313725490196,NRS
183,Sarfraz Ahmed (PAK),2008-2012,5,11,13.818181818181818,46,21.71,68.46,0.0,0.0,0.027027027027027032,NRS
184,R Clarke (ENG),2003-2006,4,13,11.076923076923077,39,11.07,62.06,0.0,0.0,0.05603448275862069,NRS
185,CR Woakes (ENG),2011-2013,3,10,14.1,36,23.5,73.43,0.0,0.0,0.052083333333333336,NRS
186,HA Varaiya (KENYA),2006-2009,4,20,6.5,34,13.0,47.44,0.0,0.0,0.021897810218978103,NRS
187,DR Tuffey (NZ),2001-2003,3,28,4.464285714285714,20,7.81,61.88,0.0,0.0,0.06435643564356436,NRS
188,JK Kamande (KENYA),2001-2003,3,10,11.7,32,16.71,48.75,0.0,0.0,0.05833333333333333,NRS
189,RT Lyons (SCOT),2006-2009,4,10,8.6,28,28.66,61.42,0.0,0.0,0.057142857142857134,NRS
190,SI Mahmood (ENG),2004-2006,3,11,7.545454545454546,22,9.22,86.45,0.0,0.0,0.09375,NRS
191,SO Ngoche (KENYA),2010-2013,4,10,5.9,28,7.37,52.21,0.0,0.0,0.035398230088495575,NRS
192,JO Ngoche (KENYA),2010-2012,3,10,3.4,21,4.85,40.96,0.0,0.0,0.024096385542168683,NRS
193,KMDN Kulasekara (SL),2003-2007,5,11,3.0,11,6.6,34.73,0.0,0.0,0.010526315789473684,NRS
194,MM Patel (INDIA),2006-2008,3,11,2.9090909090909087,15,5.33,53.33,0.0,0.0,0.05,NRS
195,S Sreesanth (INDIA),2005-2008,4,13,2.230769230769231,10,4.14,34.52,0.0,0.0,0.011904761904761904,NRS
196,Mohammad Asif (Asia/PAK),2005-2007,3,10,2.8,6,4.66,37.83,0.0,0.0,0.027027027027027032,NRS
197,Shapoor Zadran (AFG),2009-2012,4,10,2.0,17,4.0,40.81,0.0,0.0,0.061224489795918366,NRS
198,DPMD Jayawardene (SL),2001-2003,3,78,29.14102564102564,116,32.47,72.64,0.038461538461538464,0.14102564102564102,0.06072227548737616,NRS
199,Younis Khan (PAK),2001-2003,3,74,28.756756756756765,90,34.32,74.66,0.0,0.2432432432432433,0.06035087719298245,NRS
200,KC Sangakkara (SL),2001-2003,3,76,23.52631578947368,103,26.68,70.0,0.02631578947368421,0.09210526315789473,0.07086922474549726,NRS
201,HH Dippenaar (SA),2001-2003,3,42,37.476190476190474,93,44.97,66.07,0.0,0.3333333333333333,0.06675062972292191,NRS
202,KP Pietersen (ENG/ICC),2004-2006,3,27,46.96296296296296,116,60.38,97.16,0.1111111111111111,0.3333333333333333,0.11877394636015325,RS
203,A Flintoff (ENG),2001-2003,3,43,27.255813953488367,70,33.48,90.57,0.0,0.20930232558139536,0.1143740340030912,RS
204,DA Warner (AUS),2009-2012,4,34,30.882352941176467,163,30.88,81.83,0.05882352941176471,0.14705882352941174,0.09275136399064693,RS
205,D Mongia (INDIA),2001-2003,3,41,24.36585365853659,159,27.75,73.13,0.024390243902439025,0.07317073170731707,0.08272327964860908,RS
206,TLW Cooper (NL),2010-2012,3,19,48.21052631578947,101,53.88,71.0,0.05263157894736842,0.42105263157894735,0.06356589147286823,NRS
207,DA Gunawardene (SL),2001-2003,3,23,28.39130434782609,90,28.39,65.89,0.0,0.17391304347826084,0.07366296670030273,NRS
208,AB Agarkar (INDIA),2001-2003,3,37,11.864864864864865,95,18.29,92.22,0.0,0.027027027027027032,0.10294117647058824,NRS
209,ES Szwarczynski (NL),2006-2008,3,13,30.30769230769231,56,32.83,69.61,0.0,0.3076923076923077,0.07243816254416961,NRS
210,RM Haq (SCOT),2006-2008,3,18,21.0,71,21.0,68.1,0.0,0.16666666666666666,0.08828828828828829,NRS
211,DS Smith (WI),2004-2007,4,14,25.57142857142857,61,29.83,65.8,0.0,0.07142857142857142,0.07352941176470587,NRS
212,DJG Sammy (WI),2007-2009,3,22,15.954545454545455,51,20.64,87.31,0.0,0.045454545454545456,0.0845771144278607,NRS
213,SD Outerbridge (BMUDA),2006-2009,4,23,14.608695652173912,56,14.6,54.9,0.0,0.043478260869565216,0.052287581699346414,NRS
214,F Mutizwa (ZIM),2009-2011,3,12,27.33333333333333,79,32.8,86.08,0.0,0.25,0.09186351706036744,RS
215,NN Odhiambo (KENYA),2006-2009,4,28,11.285714285714285,66,14.36,76.88,0.0,0.03571428571428571,0.0851581508515815,NRS
216,DLS van Bunge (NL),2006-2008,3,15,19.666666666666668,52,21.07,63.44,0.0,0.06666666666666668,0.06881720430107527,NRS
217,ID Blackwell (ENG),2002-2004,3,17,16.588235294117652,82,17.62,94.31,0.0,0.05882352941176471,0.10702341137123746,NRS
218,J Mubarak (SL),2003-2006,4,15,18.8,61,18.8,61.03,0.0,0.13333333333333333,0.0735930735930736,NRS
219,BJ Patel (KENYA),2001-2003,3,16,17.375,44,18.53,53.66,0.0,0.0,0.08494208494208494,NRS
220,R Ashwin (INDIA),2010-2012,3,22,12.0,38,18.85,86.55,0.0,0.0,0.07540983606557378,NRS
221,Jahurul Islam (BDESH),2010-2012,3,11,22.181818181818183,53,24.4,69.31,0.0,0.09090909090909093,0.06534090909090909,NRS
222,DNT Zoysa (SL),2001-2004,4,24,9.541666666666666,47,19.08,106.01,0.0,0.0,0.12037037037037035,NRS
223,Mudassar Bukhari (NL),2007-2009,3,11,18.818181818181817,71,20.7,66.34,0.0,0.18181818181818185,0.08333333333333333,NRS
224,J Botha (Afr/SA),2005-2008,4,14,11.571428571428573,46,18.0,86.63,0.0,0.0,0.08021390374331551,NRS
225,R Rampaul (WI),2007-2010,4,15,8.666666666666666,26,9.28,82.8,0.0,0.0,0.10191082802547773,NRS
226,M Morkel (Afr/SA),2007-2010,4,10,10.2,25,14.57,94.44,0.0,0.0,0.12037037037037035,NRS
227,BAW Mendis (SL),2008-2011,4,22,4.5,15,7.61,68.75,0.0,0.0,0.04861111111111111,NRS
228,Wahab Riaz (PAK),2008-2011,4,15,5.333333333333333,21,7.27,86.02,0.0,0.0,0.0967741935483871,NRS
229,Iftikhar Anjum (PAK),2004-2006,3,12,6.25,19,75.0,58.13,0.0,0.0,0.02325581395348837,NRS
230,CD Collymore (WI),2001-2003,3,17,2.588235294117647,8,4.4,36.66,0.0,0.0,0.0,NRS
231,FH Edwards (WI),2004-2008,5,12,3.333333333333333,12,10.0,43.47,0.0,0.0,0.03260869565217391,NRS
232,M Ntini (SA),2001-2003,3,11,3.636363636363636,14,5.0,59.7,0.0,0.0,0.07462686567164177,NRS
233,Yasir Hameed (PAK),2003-2005,3,46,37.10869565217392,127,37.93,68.47,0.06521739130434782,0.1956521739130435,0.07741676694745286,NRS
234,CD McMillan (NZ),2001-2003,3,58,28.689655172413797,105,30.25,77.72,0.03448275862068965,0.15517241379310345,0.07566557683325549,RS
235,WW Hinds (WI),2001-2003,3,49,27.693877551020414,125,30.15,74.51,0.040816326530612235,0.1836734693877551,0.08621636463481604,RS
236,HJH Marshall (NZ),2003-2006,4,47,26.36170212765957,101,30.97,72.71,0.02127659574468085,0.23404255319148934,0.0534037558685446,NRS
237,MV Boucher (SA),2001-2003,3,54,21.407407407407412,70,28.9,82.86,0.0,0.12962962962962962,0.07526881720430108,RS
238,JD Ryder (NZ),2008-2011,4,30,34.7,107,35.89,90.99,0.06666666666666668,0.16666666666666666,0.1215034965034965,RS
239,SE Marsh (AUS),2008-2010,3,27,37.333333333333336,112,38.76,76.53,0.037037037037037035,0.25925925925925924,0.07972665148063783,RS
240,HM Amla (SA),2008-2010,3,23,42.130434782608695,140,48.45,84.18,0.043478260869565216,0.3043478260869565,0.09035621198957428,RS
241,Asad Shafiq (PAK),2010-2012,3,34,27.35294117647059,78,30.0,69.81,0.0,0.2058823529411765,0.06381381381381382,NRS
242,PD Collingwood (ENG),2001-2003,3,37,23.621621621621625,100,32.37,77.0,0.027027027027027032,0.13513513513513514,0.058149779735682826,NRS
243,TD Paine (AUS),2009-2011,3,26,28.34615384615385,111,29.48,68.87,0.038461538461538464,0.19230769230769232,0.08504672897196262,NRS
244,Saleem Elahi (PAK),2001-2003,3,18,40.5,135,40.5,76.25,0.16666666666666666,0.16666666666666666,0.08577405857740586,RS
245,JM How (NZ),2005-2008,4,18,39.888888888888886,139,42.23,72.96,0.05555555555555555,0.3333333333333333,0.08841463414634146,RS
246,NJ O'Brien (IRE),2006-2008,3,29,24.41379310344828,72,25.28,64.89,0.0,0.2413793103448276,0.060494958753437224,NRS
247,CJ Ferguson (AUS),2009-2011,3,25,26.52,71,41.43,85.32,0.0,0.2,0.08236808236808238,RS
248,PA Patel (INDIA),2010-2012,3,24,25.16666666666667,95,27.45,82.06,0.0,0.16666666666666666,0.09918478260869563,RS
249,HK Badani (INDIA),2001-2003,3,21,21.761904761904763,100,26.88,70.96,0.047619047619047616,0.047619047619047616,0.06987577639751552,NRS
250,Mohammad Nabi (AFG),2009-2011,3,16,26.8125,62,35.75,97.5,0.0,0.25,0.1068181818181818,NRS
251,N Deonarine (WI),2007-2010,4,15,27.93333333333333,65,34.91,76.04,0.0,0.26666666666666666,0.07259528130671508,NRS
252,CA Ingram (SA),2010-2012,3,13,29.84615384615385,124,35.27,90.02,0.15384615384615385,0.0,0.09744779582366588,NRS
253,Javed Omar (BDESH),2001-2003,3,17,18.58823529411765,69,19.75,45.86,0.0,0.1176470588235294,0.04644412191582003,NRS
254,SR Patel (ENG),2008-2011,4,13,23.538461538461537,70,27.81,91.89,0.0,0.07692307692307693,0.08708708708708708,RS
255,MN Waller (ZIM),2009-2011,3,18,16.27777777777778,63,17.23,76.1,0.0,0.1111111111111111,0.08831168831168831,NRS
256,B Lee (AUS),2001-2003,3,23,10.91304347826087,51,14.76,79.68,0.0,0.043478260869565216,0.06349206349206349,NRS
257,S Randiv (SL),2009-2011,3,15,15.933333333333335,56,17.07,71.55,0.0,0.06666666666666668,0.0748502994011976,NRS
258,BJ Watling (NZ),2010-2012,3,10,23.5,72,26.11,71.21,0.0,0.3,0.07272727272727272,RS
259,JA Morkel (Afr/SA),2005-2008,4,11,17.818181818181817,97,17.81,89.9,0.0,0.09090909090909093,0.1146788990825688,NRS
260,Mushfiqur Rahman (BDESH),2001-2003,3,11,15.545454545454545,36,19.0,55.51,0.0,0.0,0.05844155844155844,NRS
261,PJ Ongondo (KENYA),2001-2003,3,17,8.294117647058824,36,10.84,77.9,0.0,0.0,0.06629834254143646,NRS
262,Naved-ul-Hasan (PAK),2003-2005,3,14,10.0,29,17.5,73.68,0.0,0.0,0.07368421052631577,NRS
263,RJ Peterson (SA),2002-2006,5,10,9.8,36,10.88,66.21,0.0,0.0,0.060810810810810814,NRS
264,Saqlain Mushtaq (PAK),2001-2003,3,22,4.227272727272728,13,10.33,44.28,0.0,0.0,0.023809523809523808,NRS
265,MG Johnson (AUS),2005-2008,4,18,5.111111111111111,24,9.2,73.01,0.0,0.0,0.05555555555555555,NRS
266,DW Steyn (SA),2007-2010,4,12,6.833333333333332,35,11.71,102.5,0.0,0.0,0.1,NRS
267,BA Murphy (ZIM),2001-2003,3,14,4.714285714285714,20,8.25,55.0,0.0,0.0,0.04166666666666666,NRS
268,SJ Harmison (ENG),2002-2005,4,14,3.8571428571428568,13,10.8,58.69,0.0,0.0,0.021739130434782608,NRS
