,HS,Avg,SR,50/I,6+4/BF,Class
0,183.0,53.24,87.54,0.24390243902439024,0.08550622504110876,RS
1,139.0,34.57,85.48,0.18181818181818185,0.09918557300756252,RS
2,143.0,34.16,78.79,0.19753086419753085,0.07330173775671406,RS
3,152.0,42.36,80.31,0.2982456140350877,0.11074160292650484,RS
4,108.0,30.9,79.74,0.18072289156626506,0.0767055496641923,RS
5,120.0,30.25,70.41,0.1232876712328767,0.08535402521823472,NRS
6,136.0,41.31,78.64,0.16666666666666666,0.1015304217991788,RS
7,154.0,32.68,88.19,0.2461538461538461,0.1087689713322091,RS
8,109.0,26.16,73.97,0.125,0.0812455261274159,RS
9,146.0,36.39,86.02,0.1935483870967742,0.11355002110595187,RS
10,99.0,36.96,73.84,0.26785714285714285,0.08694043655197928,RS
11,116.0,40.97,97.27,0.21666666666666667,0.10757575757575756,RS
12,104.0,46.75,78.75,0.15789473684210525,0.07313064913722267,RS
13,91.0,35.32,85.75,0.20634920634920634,0.08657810352725608,RS
14,123.0,33.76,69.68,0.16666666666666666,0.08968105065666042,NRS
15,118.0,34.62,72.27,0.1935483870967742,0.0677432059866089,NRS
16,79.0,24.94,81.5,0.1282051282051282,0.08697653014265992,RS
17,112.0,31.82,80.82,0.1044776119402985,0.08167330677290836,RS
18,111.0,30.9,73.57,0.13636363636363635,0.06349206349206349,NRS
19,111.0,30.37,73.2,0.14754098360655735,0.06474480151228733,NRS
20,105.0,45.45,89.02,0.17777777777777778,0.09258160237388724,RS
21,115.0,37.79,80.1,0.16326530612244894,0.09130434782608696,RS
22,92.0,26.51,90.0,0.1896551724137931,0.11879321181646765,RS
23,98.0,23.66,69.0,0.08823529411764706,0.06189258312020461,NRS
24,89.0,27.82,61.32,0.14814814814814814,0.05157055789967183,NRS
25,145.0,35.41,77.22,0.14285714285714285,0.06662628709872805,NRS
26,114.0,27.13,75.72,0.08771929824561403,0.06189320388349515,NRS
27,95.0,24.29,71.24,0.10526315789473684,0.061529614721104076,NRS
28,108.0,33.35,77.85,0.17777777777777778,0.09211356466876973,RS
29,116.0,23.88,61.95,0.1509433962264151,0.07731434384537131,NRS
30,108.0,23.34,109.66,0.14545454545454545,0.15989159891598914,RS
31,100.0,23.0,68.22,0.11320754716981132,0.0713063320022818,NRS
32,121.0,19.71,57.34,0.031746031746031744,0.04339250493096647,NRS
33,89.0,21.31,65.99,0.08620689655172414,0.07568807339449543,NRS
34,83.0,24.48,78.78,0.08620689655172414,0.09582477754962354,RS
35,86.0,28.89,67.69,0.1590909090909091,0.06966707768187423,NRS
36,96.0,25.19,62.27,0.10638297872340426,0.049440847557386695,NRS
37,177.0,38.85,105.11,0.037037037037037035,0.14729458917835672,NRS
38,81.0,38.5,70.64,0.1935483870967742,0.06986591390261115,NRS
39,128.0,35.57,82.24,0.1176470588235294,0.09661436829066887,RS
40,112.0,24.19,79.1,0.03636363636363636,0.07416267942583732,NRS
41,102.0,29.11,67.71,0.15789473684210525,0.05198358413132695,NRS
42,96.0,28.57,73.84,0.17647058823529413,0.0947533281127643,RS
43,75.0,30.96,72.46,0.2777777777777778,0.0592823712948518,NRS
44,101.0,29.8,65.35,0.2,0.07017543859649122,NRS
45,78.0,28.66,78.61,0.125,0.06672760511882997,NRS
46,56.0,22.39,71.51,0.05882352941176471,0.07226890756302523,NRS
47,73.0,20.17,58.69,0.14634146341463414,0.048970901348474094,NRS
48,77.0,34.6,85.13,0.1875,0.06844919786096257,NRS
49,86.0,27.1,91.92,0.14705882352941174,0.1286549707602339,RS
50,68.0,15.36,101.58,0.038461538461538464,0.12962962962962962,NRS
51,107.0,36.19,72.58,0.18181818181818185,0.0936007640878701,RS
52,64.0,34.36,71.93,0.12121212121212124,0.057088487155090385,NRS
53,60.0,28.73,71.62,0.1176470588235294,0.07478427612655801,NRS
54,124.0,32.0,91.65,0.0,0.1133250311332503,NRS
55,108.0,21.64,53.84,0.11428571428571427,0.0548646671543526,NRS
56,94.0,21.05,104.22,0.08823529411764706,0.11353711790393012,NRS
57,102.0,30.52,68.15,0.13043478260869565,0.07475728155339806,NRS
58,75.0,20.47,64.44,0.1388888888888889,0.060185185185185175,NRS
59,100.0,45.93,82.02,0.2,0.08452380952380953,RS
60,69.0,19.6,84.06,0.0425531914893617,0.0943627450980392,NRS
61,112.0,27.4,59.41,0.07407407407407407,0.05030355594102342,NRS
62,51.0,19.26,98.34,0.023809523809523808,0.11561561561561562,NRS
63,118.0,43.46,91.57,0.1875,0.11376404494382025,RS
64,79.0,36.35,73.3,0.125,0.061684460260972726,NRS
65,83.0,30.7,79.43,0.25,0.10219922380336352,RS
66,66.0,24.16,80.0,0.15384615384615385,0.11258278145695363,NRS
67,74.0,19.8,79.41,0.04651162790697674,0.07219251336898395,NRS
68,73.0,28.63,65.14,0.030303030303030307,0.06467065868263472,NRS
69,92.0,23.95,65.3,0.07692307692307693,0.07187112763320942,NRS
70,68.0,14.25,53.21,0.03773584905660377,0.03734439834024896,NRS
71,91.0,17.03,78.37,0.09375,0.09049079754601227,NRS
72,69.0,15.81,110.48,0.02564102564102564,0.12008733624454147,NRS
73,84.0,31.86,69.37,0.3333333333333333,0.0899854862119013,NRS
74,81.0,24.83,57.45,0.15789473684210525,0.06169665809768636,NRS
75,92.0,29.92,85.33,0.13333333333333333,0.1079429735234216,RS
76,50.0,16.95,64.89,0.03448275862068965,0.07487520798668885,NRS
77,67.0,29.46,101.05,0.16666666666666666,0.09762532981530343,NRS
78,46.0,21.11,86.75,0.0,0.0684931506849315,NRS
79,114.0,28.53,70.66,0.07142857142857142,0.06857142857142857,NRS
80,64.0,24.4,55.28,0.1176470588235294,0.04682779456193353,NRS
81,46.0,11.53,89.17,0.0,0.10309278350515463,NRS
82,77.0,31.0,68.06,0.05,0.04590818363273453,NRS
83,45.0,14.69,74.12,0.0,0.05701754385964913,NRS
84,66.0,34.0,78.86,0.18181818181818185,0.07216494845360824,NRS
85,56.0,21.07,85.26,0.041666666666666664,0.07514450867052024,NRS
86,84.0,22.46,71.74,0.14285714285714285,0.06388206388206387,NRS
87,51.0,19.33,65.46,0.125,0.08577878103837472,NRS
88,54.0,17.06,70.13,0.13333333333333333,0.0958904109589041,NRS
89,55.0,12.6,59.43,0.047619047619047616,0.042452830188679236,NRS
90,29.0,12.94,58.85,0.0,0.05502392344497608,NRS
91,33.0,11.13,57.37,0.0,0.04918032786885247,NRS
92,30.0,12.68,70.26,0.0,0.043731778425655975,NRS
93,67.0,11.28,62.86,0.047619047619047616,0.08753315649867374,NRS
94,57.0,10.8,46.13,0.043478260869565216,0.054878048780487805,NRS
95,54.0,13.23,85.22,0.041666666666666664,0.0946969696969697,NRS
96,43.0,17.07,47.84,0.0,0.03017241379310345,NRS
97,63.0,42.0,73.68,0.08333333333333333,0.04912280701754386,NRS
98,37.0,12.29,62.95,0.0,0.0572289156626506,NRS
99,32.0,10.94,88.51,0.0,0.08085106382978724,NRS
100,33.0,22.33,67.0,0.0,0.04,NRS
101,74.0,19.9,85.77,0.1,0.11206896551724138,NRS
102,23.0,13.0,61.9,0.0,0.0380952380952381,NRS
103,49.0,18.2,74.89,0.0,0.06584362139917696,NRS
104,45.0,19.55,59.45,0.0,0.054054054054054064,NRS
105,69.0,15.81,78.02,0.07692307692307693,0.04932735426008968,NRS
106,47.0,11.53,58.44,0.0,0.05067567567567568,NRS
107,50.0,18.88,68.82,0.1,0.07692307692307693,NRS
108,45.0,22.42,116.29,0.0,0.11851851851851852,NRS
109,49.0,13.63,44.11,0.0,0.04411764705882353,NRS
110,78.0,18.62,56.65,0.09090909090909093,0.049429657794676805,NRS
111,32.0,9.86,49.66,0.0,0.053691275167785234,NRS
112,29.0,24.33,81.56,0.0,0.09497206703910614,NRS
113,24.0,11.5,48.59,0.0,0.04225352112676056,NRS
114,33.0,9.78,52.69,0.0,0.04230769230769231,NRS
115,48.0,21.66,52.2,0.0,0.03614457831325301,NRS
116,37.0,12.4,56.88,0.0,0.05504587155963303,NRS
117,43.0,11.09,97.6,0.0,0.112,NRS
118,25.0,8.92,55.23,0.0,0.047619047619047616,NRS
119,21.0,12.55,79.57,0.0,0.07042253521126761,NRS
120,22.0,11.3,47.67,0.0,0.029535864978902964,NRS
121,24.0,5.73,55.89,0.0,0.06666666666666668,NRS
122,24.0,14.0,50.25,0.0,0.04615384615384616,NRS
123,23.0,9.3,40.08,0.0,0.02155172413793104,NRS
124,34.0,11.37,55.15,0.0,0.060606060606060615,NRS
125,13.0,8.1,52.94,0.0,0.0457516339869281,NRS
126,35.0,13.33,89.88,0.0,0.12359550561797752,NRS
127,23.0,11.28,46.74,0.0,0.035502958579881665,NRS
128,15.0,7.77,65.42,0.0,0.04672897196261682,NRS
129,16.0,7.77,55.11,0.0,0.06299212598425198,NRS
130,12.0,6.9,36.5,0.0,0.021164021164021163,NRS
131,15.0,10.16,42.95,0.0,0.06338028169014084,NRS
132,15.0,4.66,40.28,0.0,0.03597122302158273,NRS
133,17.0,9.16,65.47,0.0,0.08333333333333333,NRS
134,11.0,6.62,37.85,0.0,0.03571428571428571,NRS
135,25.0,6.0,51.06,0.0,0.0425531914893617,NRS
136,24.0,9.4,59.49,0.0,0.06329113924050632,NRS
137,21.0,7.5,70.31,0.0,0.03125,NRS
138,15.0,5.37,56.57,0.0,0.06578947368421052,NRS
139,11.0,4.44,33.61,0.0,0.025210084033613446,NRS
140,13.0,4.25,33.33,0.0,0.029411764705882363,NRS
141,8.0,3.75,29.7,0.0,0.0198019801980198,NRS
142,14.0,7.25,49.15,0.0,0.0,NRS
143,13.0,4.83,37.66,0.0,0.025974025974025976,NRS
144,9.0,6.25,33.33,0.0,0.0,NRS
145,4.0,1.75,21.87,0.0,0.015625,NRS
146,3.0,1.25,13.88,0.0,0.0,NRS
147,126.0,35.47,96.92,0.15942028985507245,0.15351257588898526,RS
148,122.0,35.72,79.75,0.22,0.09335362760020294,RS
149,183.0,48.9,100.96,0.18604651162790692,0.12112869924294566,RS
150,88.0,37.18,69.31,0.25,0.06347607052896725,NRS
151,60.0,21.78,57.06,0.06779661016949153,0.04468412942989214,NRS
152,107.0,30.66,91.08,0.13513513513513514,0.1188118811881188,RS
153,88.0,26.03,100.24,0.07317073170731707,0.12274368231046932,RS
154,79.0,29.92,77.09,0.1176470588235294,0.08587786259541985,RS
155,142.0,31.79,80.65,0.1153846153846154,0.08562367864693446,RS
156,92.0,30.0,119.34,0.1111111111111111,0.16455696202531644,RS
157,53.0,23.46,65.66,0.07142857142857142,0.077502691065662,NRS
158,69.0,18.1,51.56,0.1,0.06077872744539412,NRS
159,100.0,20.15,77.05,0.1,0.07794117647058824,NRS
160,52.0,23.35,102.41,0.09090909090909093,0.13157894736842105,NRS
161,59.0,15.85,71.38,0.03125,0.08038585209003216,NRS
162,79.0,30.85,71.64,0.2222222222222222,0.10945273631840796,RS
163,103.0,25.56,75.88,0.0625,0.11688311688311688,NRS
164,91.0,25.25,72.66,0.125,0.07913669064748201,RS
165,63.0,22.41,112.38,0.2,0.14749262536873156,NRS
166,64.0,22.25,55.53,0.15789473684210525,0.0608424336973479,NRS
167,37.0,16.63,63.32,0.0,0.052104208416833664,NRS
168,82.0,30.0,69.12,0.16666666666666666,0.06451612903225806,NRS
169,62.0,21.76,65.96,0.13333333333333333,0.046620046620046623,NRS
170,99.0,24.81,60.0,0.08333333333333333,0.04615384615384616,NRS
171,96.0,15.47,91.63,0.05882352941176471,0.0940766550522648,NRS
172,80.0,31.62,95.47,0.07142857142857142,0.11320754716981132,NRS
173,70.0,20.66,57.8,0.14285714285714285,0.06526806526806526,NRS
174,59.0,11.18,52.67,0.045454545454545456,0.0728051391862955,NRS
175,45.0,20.0,70.79,0.0,0.11209439528023599,NRS
176,77.0,18.91,57.17,0.08333333333333333,0.07052896725440806,NRS
177,80.0,19.0,51.73,0.09090909090909093,0.04455445544554455,NRS
178,34.0,9.28,64.35,0.0,0.06930693069306931,NRS
179,36.0,11.87,83.33,0.0,0.10087719298245612,NRS
180,59.0,14.0,95.78,0.05555555555555555,0.1,NRS
181,49.0,14.81,63.42,0.0,0.10505836575875488,NRS
182,22.0,13.58,79.9,0.0,0.0784313725490196,NRS
183,46.0,21.71,68.46,0.0,0.027027027027027032,NRS
184,39.0,11.07,62.06,0.0,0.05603448275862069,NRS
185,36.0,23.5,73.43,0.0,0.052083333333333336,NRS
186,34.0,13.0,47.44,0.0,0.021897810218978103,NRS
187,20.0,7.81,61.88,0.0,0.06435643564356436,NRS
188,32.0,16.71,48.75,0.0,0.05833333333333333,NRS
189,28.0,28.66,61.42,0.0,0.057142857142857134,NRS
190,22.0,9.22,86.45,0.0,0.09375,NRS
191,28.0,7.37,52.21,0.0,0.035398230088495575,NRS
192,21.0,4.85,40.96,0.0,0.024096385542168683,NRS
193,11.0,6.6,34.73,0.0,0.010526315789473684,NRS
194,15.0,5.33,53.33,0.0,0.05,NRS
195,10.0,4.14,34.52,0.0,0.011904761904761904,NRS
196,6.0,4.66,37.83,0.0,0.027027027027027032,NRS
197,17.0,4.0,40.81,0.0,0.061224489795918366,NRS
198,116.0,32.47,72.64,0.14102564102564102,0.06072227548737616,NRS
199,90.0,34.32,74.66,0.2432432432432433,0.06035087719298245,NRS
200,103.0,26.68,70.0,0.09210526315789473,0.07086922474549726,NRS
201,93.0,44.97,66.07,0.3333333333333333,0.06675062972292191,NRS
202,116.0,60.38,97.16,0.3333333333333333,0.11877394636015325,RS
203,70.0,33.48,90.57,0.20930232558139536,0.1143740340030912,RS
204,163.0,30.88,81.83,0.14705882352941174,0.09275136399064693,RS
205,159.0,27.75,73.13,0.07317073170731707,0.08272327964860908,RS
206,101.0,53.88,71.0,0.42105263157894735,0.06356589147286823,NRS
207,90.0,28.39,65.89,0.17391304347826084,0.07366296670030273,NRS
208,95.0,18.29,92.22,0.027027027027027032,0.10294117647058824,NRS
209,56.0,32.83,69.61,0.3076923076923077,0.07243816254416961,NRS
210,71.0,21.0,68.1,0.16666666666666666,0.08828828828828829,NRS
211,61.0,29.83,65.8,0.07142857142857142,0.07352941176470587,NRS
212,51.0,20.64,87.31,0.045454545454545456,0.0845771144278607,NRS
213,56.0,14.6,54.9,0.043478260869565216,0.05228758169934642,NRS
214,79.0,32.8,86.08,0.25,0.09186351706036744,RS
215,66.0,14.36,76.88,0.03571428571428571,0.0851581508515815,NRS
216,52.0,21.07,63.44,0.06666666666666668,0.06881720430107527,NRS
217,82.0,17.62,94.31,0.05882352941176471,0.10702341137123746,NRS
218,61.0,18.8,61.03,0.13333333333333333,0.0735930735930736,NRS
219,44.0,18.53,53.66,0.0,0.08494208494208494,NRS
220,38.0,18.85,86.55,0.0,0.07540983606557378,NRS
221,53.0,24.4,69.31,0.09090909090909093,0.06534090909090909,NRS
222,47.0,19.08,106.01,0.0,0.12037037037037035,NRS
223,71.0,20.7,66.34,0.18181818181818185,0.08333333333333333,NRS
224,46.0,18.0,86.63,0.0,0.08021390374331551,NRS
225,26.0,9.28,82.8,0.0,0.10191082802547773,NRS
226,25.0,14.57,94.44,0.0,0.12037037037037035,NRS
227,15.0,7.61,68.75,0.0,0.04861111111111111,NRS
228,21.0,7.27,86.02,0.0,0.0967741935483871,NRS
229,19.0,75.0,58.13,0.0,0.02325581395348837,NRS
230,8.0,4.4,36.66,0.0,0.0,NRS
231,12.0,10.0,43.47,0.0,0.03260869565217391,NRS
232,14.0,5.0,59.7,0.0,0.07462686567164177,NRS
233,127.0,37.93,68.47,0.1956521739130435,0.07741676694745286,NRS
234,105.0,30.25,77.72,0.15517241379310345,0.07566557683325549,RS
235,125.0,30.15,74.51,0.1836734693877551,0.08621636463481604,RS
236,101.0,30.97,72.71,0.2340425531914893,0.0534037558685446,NRS
237,70.0,28.9,82.86,0.12962962962962962,0.07526881720430108,RS
238,107.0,35.89,90.99,0.16666666666666666,0.1215034965034965,RS
239,112.0,38.76,76.53,0.25925925925925924,0.07972665148063783,RS
240,140.0,48.45,84.18,0.3043478260869565,0.09035621198957428,RS
241,78.0,30.0,69.81,0.2058823529411765,0.06381381381381382,NRS
242,100.0,32.37,77.0,0.13513513513513514,0.058149779735682826,NRS
243,111.0,29.48,68.87,0.19230769230769232,0.08504672897196262,NRS
244,135.0,40.5,76.25,0.16666666666666666,0.08577405857740586,RS
245,139.0,42.23,72.96,0.3333333333333333,0.08841463414634146,RS
246,72.0,25.28,64.89,0.2413793103448276,0.06049495875343721,NRS
247,71.0,41.43,85.32,0.2,0.08236808236808238,RS
248,95.0,27.45,82.06,0.16666666666666666,0.09918478260869563,RS
249,100.0,26.88,70.96,0.047619047619047616,0.06987577639751552,NRS
250,62.0,35.75,97.5,0.25,0.1068181818181818,NRS
251,65.0,34.91,76.04,0.26666666666666666,0.07259528130671508,NRS
252,124.0,35.27,90.02,0.0,0.09744779582366588,NRS
253,69.0,19.75,45.86,0.1176470588235294,0.04644412191582003,NRS
254,70.0,27.81,91.89,0.07692307692307693,0.08708708708708708,RS
255,63.0,17.23,76.1,0.1111111111111111,0.08831168831168831,NRS
256,51.0,14.76,79.68,0.043478260869565216,0.06349206349206349,NRS
257,56.0,17.07,71.55,0.06666666666666668,0.0748502994011976,NRS
258,72.0,26.11,71.21,0.3,0.07272727272727272,RS
259,97.0,17.81,89.9,0.09090909090909093,0.1146788990825688,NRS
260,36.0,19.0,55.51,0.0,0.05844155844155844,NRS
261,36.0,10.84,77.9,0.0,0.06629834254143646,NRS
262,29.0,17.5,73.68,0.0,0.07368421052631577,NRS
263,36.0,10.88,66.21,0.0,0.060810810810810814,NRS
264,13.0,10.33,44.28,0.0,0.023809523809523808,NRS
265,24.0,9.2,73.01,0.0,0.05555555555555555,NRS
266,35.0,11.71,102.5,0.0,0.1,NRS
267,20.0,8.25,55.0,0.0,0.041666666666666664,NRS
268,13.0,10.8,58.69,0.0,0.021739130434782608,NRS
269,81.93287594289886,25.93128871765755,78.32914008587477,0.0945945349315759,0.09317112948923108,RS
270,70.0,33.34740679957114,90.60086825830089,0.20620663100468037,0.11373592754426838,RS
271,126.7668889600453,33.342179387815186,79.06268388705007,0.14478635742197205,0.09234040392349507,RS
272,111.8677970683978,31.87056762133784,80.72183932328537,0.10690023614295893,0.08201836494803733,RS
273,80.38028499210674,28.65189615007003,74.10380871091051,0.17528724404234772,0.10475011957800734,RS
274,108.0,32.454160794518344,78.54107595851441,0.17885465467423964,0.08647964470152478,RS
275,80.27717819378093,28.183037656457934,77.62960778687244,0.10760838640790849,0.08905385831414546,RS
276,109.65467291658568,37.55450187912504,74.67719160410269,0.22293432800099036,0.08623451789185421,RS
277,151.38768620225744,29.55904398487529,76.49732939758965,0.0920733981292581,0.08402202949060385,RS
278,93.65867926721398,27.029719503727048,85.61002887277365,0.1769449864581304,0.10795184681994613,RS
279,112.74157379103515,33.78924324199371,102.3164875911343,0.18766173639747197,0.12888417114663975,RS
280,121.434026715671,35.88736638550872,79.77829866421645,0.21541281128153167,0.0931879365138793,RS
281,117.26069108787719,42.539560404407105,93.67703039955,0.19828158830179096,0.11147651694282738,RS
282,125.0313602468903,35.53053998456936,92.7621138597766,0.17409026872463246,0.13894448868453887,RS
283,142.2125590255196,35.748662166014235,77.6423047796948,0.22426497135581658,0.0762768662217815,RS
284,87.23759492443169,24.88786851147655,75.53823988280975,0.10675557883614506,0.08698510850524979,RS
285,78.8839619862639,29.856842166809354,76.99252806846168,0.12066989783682272,0.08565986712002586,RS
286,107.0,32.745851833985014,91.04410580017999,0.14771068061762105,0.11988536316554953,RS
287,105.55070438034184,30.3693192824074,78.09080761609684,0.1598626671362725,0.07585648269773329,RS
288,129.41158412510813,36.564158533826166,81.03208729865746,0.12753210171644355,0.09442836699031207,RS
289,107.0,35.10174724506081,91.00356457895688,0.16191431167676573,0.12109782285386303,RS
290,103.57378899066647,35.12540241596601,75.87787709473028,0.2220789197142289,0.0895694139328552,RS
291,100.52093596604558,39.93799262151727,75.33355911865678,0.23440798721290712,0.08273967607946986,RS
292,80.27477075667652,31.841089108588882,88.08563932383773,0.224953691095109,0.0962374205739417,RS
293,80.30383562080753,30.801106164219718,74.17921987152269,0.2312766362556079,0.10708838932013591,RS
294,70.0,29.058766739696658,91.59928181721348,0.10607842132352518,0.09309679286073333,RS
295,79.0,26.647106263291317,78.65193438983886,0.15536200977078463,0.09346879280554425,RS
296,79.0,32.25136301288238,84.36741440479604,0.22478690316555058,0.09072325614662578,RS
297,116.69733197458346,41.838178308356405,95.28260387243714,0.20649724203732456,0.10973340290058807,RS
298,115.13441104017721,39.97841975824745,96.6746671487441,0.20882524515876255,0.10865640919243134,RS
299,112.0,32.23276854444215,80.5648448046604,0.11368351903975174,0.08155752607096008,RS
300,117.20485595782496,42.47004566749207,93.83616052019887,0.19909585061505275,0.11130375502782919,RS
301,111.26923244314276,44.490325187549686,90.24973405615492,0.18246630631431618,0.10279680669576664,RS
302,108.0,32.95238975947296,78.15672789983515,0.17825573998260225,0.08961299954549856,RS
303,90.70276046815712,26.354331256178856,93.32093320151776,0.151878117081531,0.12007438844001711,RS
304,76.61694507316695,25.699929737778984,84.25110452108838,0.11462646765337292,0.08700580383945022,RS
305,91.79092837926228,28.35192097869926,89.11144561186472,0.19314542114532032,0.11205794691420123,RS
306,139.20986418320703,38.03135301286709,78.70878280392587,0.18081950698063068,0.08858610153532513,RS
307,109.21686240261967,34.995806399543106,77.4484354071355,0.20256571560891923,0.08834527243298186,RS
308,72.8284001743784,38.799389249113084,83.43903332060822,0.1811782334990459,0.08317024271554409,RS
309,114.42540565613658,40.08122897035264,96.17128305783751,0.20791892031186987,0.11001248412447136,RS
310,105.0534949700117,30.305278135678748,77.72231811536717,0.1555755048825913,0.07595887170526,RS
311,70.48336410872899,34.39341916088878,88.71429780565056,0.1364140441512598,0.08480608957699749,RS
312,151.1308790768655,33.066027178749,85.73820575659416,0.23347155389238652,0.09951808206519536,RS
313,159.0149852009683,27.761725919757698,73.16259281210606,0.07344753868359669,0.0827608478634072,RS
314,112.10374194613362,38.726456770750126,76.65345291589901,0.2559397260874352,0.08012701573084482,RS
315,101.79146726803549,42.42569291081349,76.58122085721085,0.20646585143606164,0.07923052264261497,RS
316,165.3472731362132,33.50425136628637,82.50014648038886,0.15842474438266796,0.09190104798942779,RS
317,113.92422180824482,41.81540784536938,95.71316635618362,0.20932805689783526,0.10474625390559077,RS
318,126.32677188444691,35.611830702888824,81.54561033204547,0.14619036197119978,0.09570504112386627,RS
319,141.10107348991832,34.91826425508427,78.34575171249061,0.18069124218542165,0.0864599666092262,RS
320,95.23330571119153,28.060914992231176,73.6590601478412,0.16857814702697163,0.09235869076175943,RS
321,79.0,30.333786039391093,78.38164461601595,0.13666296136907596,0.08673785573924425,RS
322,149.23606501697753,34.88927484837667,86.89778263585515,0.2148277228163534,0.11161604761629722,RS
323,107.88777009876095,30.87306482370263,81.01268708005071,0.17560658216428993,0.08143113909266085,RS
324,70.0,29.582747704644788,84.00934166000248,0.14150656200603365,0.08109829253377944,RS
325,91.25746002311621,25.391603012713915,73.26503105432309,0.12768187524079386,0.0804270862024245,RS
326,70.0,32.26288149181606,90.85335034052959,0.18088588225837537,0.10851663574501336,RS
327,147.6271996698581,30.452712549045483,78.16079167545101,0.10141132407330235,0.08466361251247367,RS
328,137.32274648574582,41.50458785508506,74.33954101547405,0.26344777023940913,0.08730740548317871,RS
329,79.0,28.6498088496201,75.31070807829879,0.18722127835744296,0.10108523210148834,RS
330,152.41906590279555,41.48534959430814,79.88015811684686,0.28477115564090344,0.10906424236375213,RS
331,152.2896977956915,42.05766084595104,80.35003096813192,0.2942639340398906,0.11026780905707924,RS
332,106.43215805052508,38.604284518490175,90.43067567976719,0.1698213441637496,0.11329196413096405,RS
333,113.25172525690046,39.41875158945048,95.35231495703721,0.201398473649447,0.1118287857006008,RS
334,77.3417512894485,25.318449581654452,74.88609611464773,0.1961791285436343,0.08394373874253047,RS
335,79.0,29.275386236128096,84.02621742512298,0.19538423899526475,0.08967207414000944,RS
336,138.97782985044327,42.220411410316714,72.9782349480104,0.3324095771018034,0.08839999865752168,RS
337,79.70370101070938,30.8236112120984,73.01045771835652,0.22710903479659292,0.10817666029640048,RS
338,145.87347245469135,36.35710283821975,86.01023930364761,0.19333635937107893,0.1132903784834372,RS
339,173.1221256963313,40.00003525239451,91.51181322854089,0.16679073750652815,0.10711331170818199,RS
340,141.56941832622937,35.293735976463225,78.33579031857784,0.19201164477711946,0.07553207195614775,RS
341,89.1676560770857,32.307626590728894,88.01111240087624,0.18462113181978373,0.10199796192117982,RS
342,136.76748843083033,39.58570932540123,80.38987362229311,0.17054287086277936,0.10093054035930815,RS
343,93.51154068173084,38.28082740368491,84.70910591746045,0.20457739634445796,0.08600483208704589,RS
344,81.76775683259044,30.459712582355138,78.70913774706541,0.20922724813718377,0.09717125234553553,RS
345,91.5425402305549,30.54022056881134,88.05579597985832,0.19729202132899593,0.10405609580583597,RS
346,80.96474369264496,31.768509561361395,82.81361361097775,0.25,0.09694027071844982,RS
347,113.09100214544232,38.407242639640316,77.82829255307635,0.22434938965200957,0.08393708199802605,RS
348,108.25230909302792,30.95053570958248,88.5102617411067,0.12745659612181348,0.10951008629966638,RS
349,70.41012915243945,36.740526761893676,88.41682194969285,0.20548717067498182,0.1012474601860068,RS
350,70.0,33.38332929089954,90.40726393730031,0.20762066269632934,0.11354863464993263,RS
351,142.5928049292838,35.50412928161379,85.7571592374019,0.1878388017248158,0.10655823871246749,RS
352,139.62439515087422,47.77954534431048,83.6597872839608,0.29141939830907626,0.09140548383698337,RS
353,112.35287324836443,44.324444787365756,90.4622943679484,0.1832767214464264,0.1045625112436931,RS
354,70.0,31.495055428371188,91.03210349815697,0.1629592089992737,0.10482146307588733,RS
355,93.06468991390831,26.84360283969127,87.18212069452268,0.18149662901219688,0.11183424621476769,RS
356,152.6621518806738,39.1551848975388,82.91887840985477,0.2809992829999941,0.1100885120664851,RS
357,104.18500539043141,31.16143563836753,77.19297015247898,0.17047865492108483,0.07719706848232247,RS
358,91.92074107296622,33.50844193893896,84.90061636018866,0.19721487030787477,0.08947997533325244,RS
359,80.996773519539,31.751693902242017,82.7603640237664,0.25,0.09702303344290128,RS
360,107.42799580079081,30.518652700075247,98.98068160076454,0.15758796786201296,0.13793344313637118,RS
361,79.0,30.63475523330487,72.90138062203062,0.19801872045033295,0.10399642643198669,RS
362,158.30233965192906,28.02950017694592,73.3767973481301,0.0785933025397715,0.08231246488638005,RS
363,143.05994438122926,34.15193475598006,78.841225198505,0.1977958346127029,0.07349501606313191,RS
364,126.40983354197283,32.69709926583091,78.14267109314999,0.1526447199645836,0.09110284940934185,RS
365,81.88175863281296,24.60859775722651,79.54040412968719,0.09794793654760922,0.09335115848023051,RS
366,116.23301195546748,41.260099884557015,96.60591592691767,0.21326857564943255,0.10829673004607106,RS
367,136.75684367830775,41.54209872801438,77.20704263573731,0.20871353768376433,0.09822155480881983,RS
368,160.12627567142513,28.946198619359432,73.80623468438483,0.08118285538615433,0.0828538781357123,RS
369,79.0,31.84743912254892,83.10655476101208,0.20622422438184376,0.0898837600224336,RS
370,137.21105986734196,37.222103746665546,81.35202064389158,0.17504189343690138,0.0931874739066051,RS
371,157.84936777746245,31.910126444507508,85.46978010392652,0.20377015870968937,0.10191812004635849,RS
372,135.15734733027165,40.37530224075973,76.29995777736124,0.1672737165519739,0.08552874777947746,RS
373,145.6986149759755,36.04340722237181,85.61539060524709,0.1876590395429453,0.11144587575771994,RS
374,140.16581788427692,34.70023562361397,80.03554899123277,0.13106138560447086,0.09048632261514235,RS
375,91.19091103115035,33.638073815565456,86.56137188238897,0.20316213111653772,0.09272832306936951,RS
376,70.0,30.129614844556915,84.92994114662311,0.1510197452733329,0.0857675846880148,RS
377,113.45583962282895,38.28927852195197,78.26244915116645,0.2126753257497414,0.08534507450756675,RS
378,119.72686867094049,38.92022223098273,97.13955959651707,0.1953316938402682,0.12469580647718294,RS
379,101.68493653104845,25.968645168951085,113.48061339871569,0.13189948497826054,0.16173297792480834,RS
380,107.53263942217893,32.86706073625157,77.82974770829442,0.1742561591198668,0.08955118430250313,RS
381,70.0,33.15947710343361,90.0304297963915,0.20372657813953657,0.11163732715610322,RS
382,106.85916773830091,36.56317821092164,90.85128022222639,0.1674490681205505,0.11946692862204927,RS
383,92.0,29.207587172931625,86.30565041126373,0.14510001972776165,0.11020979139342585,RS
384,81.6845740672962,30.44349194312276,78.66047582936828,0.2064748772267126,0.0968318383558748,RS
385,138.51052746907314,38.74567551373243,78.69379701719443,0.17773601176840012,0.09140629512712244,RS
386,107.98334540372105,27.19952932469523,74.92311368401153,0.1326687307908973,0.07982730585318798,RS
387,143.8858717652568,34.81849801217423,80.92495095426894,0.19635487619108347,0.08518667702976267,RS
388,171.06562172317177,44.864889939375104,96.14109158227531,0.18846624729361286,0.11868419081793993,RS
389,73.05931143552728,26.827305172057045,71.27507198818239,0.28822987293858576,0.07828494466400562,RS
390,111.31689334278985,38.40888317819398,75.99034574080399,0.24867915615095398,0.08162215121761454,RS
391,92.0,28.927386499463505,86.68938564442975,0.1497280013234531,0.11110135857143202,RS
392,81.21127990763163,24.685702810622363,79.9963296628105,0.10498766675232041,0.09186801806985301,RS
393,85.33140870716981,28.037373672495598,96.04141636594717,0.12560240344991558,0.11358740007629387,RS
394,148.51868513867765,38.89609171298427,83.62305130969176,0.2374982786884896,0.1123711009173243,RS
395,92.02482777437783,33.30365135391162,84.80459637813645,0.19618226414307705,0.0898080222435879,RS
396,111.27334918047751,38.8308412087468,91.2153220476979,0.17476013102363164,0.11849682568714305,RS
397,136.32637672160095,41.892582448057716,79.09203175941734,0.17790064802612005,0.1006186713081438,RS
398,128.0362940394179,35.59556137347575,82.20894267198382,0.11790121876343071,0.09655816277237808,RS
399,151.02315531958908,34.06051172054056,87.38253088043854,0.2265790610345188,0.11054802665542734,RS
400,99.80572604648796,44.18736263699698,80.4308390602715,0.2131828754168886,0.08499329721073612,RS
401,70.0,29.224909399859666,83.40695447006944,0.1352816837403043,0.07804297714348822,RS
402,79.0,28.50500758116592,75.55228853632894,0.1849177598345917,0.10053454121074622,RS
403,105.10153706207879,30.551565074374018,77.4590497504575,0.15652518029415322,0.07657611994408879,RS
404,107.88661714895066,33.67200729698013,77.25247237496997,0.17823589030727008,0.09228218757898625,RS
405,86.16570063124223,27.083706104594516,91.86697579800249,0.14823519717920444,0.12838262081321045,RS
406,75.20978405956802,26.607695013790067,82.07274374210972,0.12880503576138524,0.08204600123099666,RS
407,139.4384741230181,44.9573090451725,77.87967966026294,0.32062393846324383,0.08926596578842431,RS
408,108.60771251175281,50.34664980004268,91.68970725869707,0.22879593450963565,0.10117200665674045,RS
409,83.0,28.658890408307165,79.21670076614143,0.19625085618948357,0.10010743226152444,RS
410,107.15504161672774,31.07706194899763,89.02879941069195,0.1417465193919939,0.11467253103104988,RS
411,106.96368177662106,36.08213487656455,72.67333783408387,0.18133431834056277,0.09327507701934201,RS
412,77.55040151862427,32.171840658070515,85.56136587666334,0.23061236598983076,0.08919066687034079,RS
413,79.0,30.72017629502986,72.40079483020138,0.20762401237246275,0.10616179282279338,RS
414,120.24824047638896,36.238020316267836,79.83758797618056,0.20580206566869177,0.09284079254865277,RS
415,181.56311482611133,48.41417747228792,100.37980906762441,0.18633784496946298,0.12083438329016942,RS
416,103.14775176522843,25.359748327723665,112.5956101820368,0.1350393661627378,0.16130644266047675,RS
417,74.8337418447699,26.773153588301245,82.12956789901254,0.1288645549470133,0.08155682408615653,RS
418,139.7134413074277,34.63513231604352,79.21273453609743,0.1321359611177457,0.08567280043796414,RS
419,98.48360701136276,35.51582094177787,73.84,0.2521266841696641,0.08828527735963675,RS
420,118.71542915819742,39.47651396299142,97.17495997946308,0.2011218185871307,0.12004957516401313,RS
421,92.10424450882769,26.542663279432677,89.7240995333027,0.18885636391702917,0.1181118547925854,RS
422,97.37179548484119,32.40645470593918,73.84,0.21825847590377562,0.0911807649905514,RS
423,79.63190769995208,24.867330614505512,81.07030276403259,0.12157037671358895,0.08837434905954525,RS
424,96.58314010198463,30.200848485216984,73.84,0.1942343098293634,0.09323465798558064,RS
425,113.76593828482996,38.18901328790498,78.63146655894765,0.20275279360710366,0.08654181722282603,RS
