Player,Span,Inns,NO/I,R/I,Avg,SR,100/I,50/I,6+4/BF
V Kohli (INDIA),2009-2014,129,0.14728682170542637,44.51162790697674,52.20,90.78,0.15503875968992248,0.23255813953488372,0.09565217391304348
Yuvraj Singh (Asia/INDIA),2002-2007,153,0.1568627450980392,33.169934640522875,39.34,86.94,0.05228758169934641,0.20915032679738563,0.10227856775740962
CH Gayle (ICC/WI),2001-2005,99,0.050505050505050504,40.717171717171716,42.88,80.57,0.1111111111111111,0.2222222222222222,0.10673595842494503
Shoaib Malik (PAK),2002-2008,122,0.09836065573770492,32.52459016393443,36.07,78.71,0.040983606557377046,0.21311475409836064,0.076175362031343
KS Williamson (NZ),2010-2016,87,0.10344827586206896,42.13793103448276,47.00,84.02,0.08045977011494253,0.28735632183908044,0.08457483382993353
GC Smith (Afr/SA),2002-2006,98,0.05102040816326531,36.12244897959184,38.06,78.92,0.061224489795918366,0.20408163265306123,0.09453734671125975
RR Sarwan (WI),2001-2006,95,0.23157894736842105,36.26315789473684,47.19,77.62,0.031578947368421054,0.24210526315789474,0.07030193780982424
WU Tharanga (Asia/SL),2005-2011,105,0.0380952380952381,32.02857142857143,33.29,72.93,0.0761904761904762,0.17142857142857143,0.0882671871611364
BRM Taylor (ZIM),2006-2012,100,0.13,33.59,38.60,76.56,0.06,0.2,0.07339867791201277
MJ Clarke (AUS),2003-2007,93,0.23655913978494625,33.69892473118279,44.14,82.77,0.021505376344086023,0.24731182795698925,0.07791864764923402
SK Raina (INDIA),2007-2012,104,0.21153846153846154,29.903846153846153,37.92,98.95,0.028846153846153848,0.20192307692307693,0.10626789691377665
AB de Villiers (Afr/SA),2005-2009,89,0.12359550561797752,34.741573033707866,39.64,86.73,0.0449438202247191,0.2247191011235955,0.10350631136044881
JE Root (ENG),2013-2016,73,0.0958904109589041,41.32876712328767,45.71,85.51,0.1095890410958904,0.2328767123287671,0.07709750566893424
V Sehwag (INDIA),2001-2004,97,0.061855670103092786,30.68041237113402,32.70,94.77,0.061855670103092786,0.14432989690721648,0.14617834394904458
Shakib Al Hasan (BDESH),2007-2012,100,0.12,29.15,33.12,80.30,0.04,0.22,0.0743801652892562
Mohammad Ashraful (Asia/BDESH),2004-2010,124,0.08870967741935484,23.379032258064516,25.65,71.42,0.024193548387096774,0.13709677419354838,0.07686622320768663
Q de Kock (SA),2013-2016,69,0.057971014492753624,41.30434782608695,43.84,94.55,0.15942028985507245,0.11594202898550725,0.12309223623092236
Tamim Iqbal (BDESH),2009-2015,87,0.011494252873563218,31.666666666666668,32.03,82.60,0.034482758620689655,0.22988505747126436,0.10044977511244378
M Kaif (INDIA),2002-2006,108,0.2037037037037037,25.09259259259259,31.51,71.40,0.018518518518518517,0.1574074074074074,0.06086956521739131
Salman Butt (PAK),2004-2010,75,0.05333333333333334,35.70666666666666,37.71,76.49,0.10666666666666667,0.18666666666666668,0.09797200799771494
EJG Morgan (ENG/IRE),2007-2012,80,0.2125,31.325,39.77,85.55,0.05,0.2,0.09115739160122908
Abdul Razzaq (Asia/PAK),2001-2005,99,0.21212121212121213,24.292929292929294,30.83,82.61,0.020202020202020204,0.10101010101010101,0.08141532119546548
Umar Akmal (PAK),2010-2015,84,0.14285714285714285,28.583333333333332,33.34,86.55,0.011904761904761904,0.19047619047619047,0.08940158615717375
HDRL Thirimanne (SL),2010-2015,76,0.11842105263157894,30.526315789473685,34.62,71.38,0.05263157894736842,0.18421052631578946,0.06276923076923077
LD Chandimal (SL),2010-2015,91,0.17582417582417584,25.46153846153846,30.89,75.71,0.02197802197802198,0.15384615384615385,0.06372549019607843
DPMD Jayawardene (SL),2001-2003,78,0.10256410256410256,29.141025641025642,32.47,72.64,0.038461538461538464,0.14102564102564102,0.06072227548737616
MS Dhoni (Asia/INDIA),2004-2007,65,0.2923076923076923,34.63076923076923,48.93,100.08,0.046153846153846156,0.2,0.11471765228990663
E Chigumbura (ZIM),2006-2012,100,0.12,22.07,25.07,82.13,0.0,0.11,0.0867138072199479
DM Bravo (WI),2009-2014,75,0.10666666666666667,28.84,32.28,70.73,0.02666666666666667,0.21333333333333335,0.0748855461085677
MJ Guptill (NZ),2009-2012,63,0.09523809523809523,34.142857142857146,37.73,80.62,0.031746031746031744,0.2698412698412698,0.0944527736131934
LRPL Taylor (NZ),2006-2010,71,0.15492957746478872,30.281690140845072,35.83,83.20,0.04225352112676056,0.19718309859154928,0.0936532507739938
Shahriar Nafees (BDESH),2005-2011,69,0.07246376811594203,30.92753623188406,33.34,70.61,0.057971014492753624,0.18840579710144928,0.09099933818663138
Younis Khan (PAK),2001-2003,74,0.16216216216216217,28.756756756756758,34.32,74.66,0.0,0.24324324324324326,0.060350877192982454
IR Bell (ENG),2004-2008,61,0.04918032786885246,33.90163934426229,35.65,72.03,0.01639344262295082,0.22950819672131148,0.0724486241727621
RG Sharma (INDIA),2007-2013,83,0.1927710843373494,24.879518072289155,30.82,78.21,0.024096385542168676,0.1566265060240964,0.06553030303030304
JC Buttler (ENG),2012-2016,65,0.16923076923076924,31.353846153846153,37.74,120.02,0.06153846153846154,0.15384615384615385,0.14075382803297998
Ahmed Shehzad (PAK),2013-2016,56,0.0,36.30357142857143,36.30,74.06,0.07142857142857142,0.23214285714285715,0.08087431693989071
Mushfiqur Rahim (BDESH),2007-2013,89,0.14606741573033707,22.314606741573034,26.13,69.88,0.011235955056179775,0.10112359550561797,0.06298381421534131
KC Sangakkara (SL),2001-2003,74,0.10810810810810811,24.12162162162162,27.04,70.08,0.02702702702702703,0.0945945945945946,0.07106399685904986
AD Mathews (SL),2008-2013,73,0.273972602739726,24.027397260273972,33.09,82.85,0.0,0.1780821917808219,0.0680207841284837
KA Pollard (WI),2008-2013,67,0.05970149253731343,26.0,27.65,96.13,0.04477611940298507,0.08955223880597014,0.1076158940397351
Shahid Afridi (Asia/PAK),2001-2006,74,0.04054054054054054,23.31081081081081,24.29,119.04,0.02702702702702703,0.13513513513513514,0.17805383022774326
S Matsikenyeri (ZIM),2003-2009,80,0.0375,21.1125,21.93,71.08,0.0,0.125,0.07996632996632996
MN Samuels (WI),2001-2007,66,0.16666666666666666,25.560606060606062,30.67,76.05,0.030303030303030304,0.15151515151515152,0.09197475202885483
V Sibanda (Afr/ZIM),2003-2009,78,0.02564102564102564,21.5,22.06,60.47,0.01282051282051282,0.14102564102564102,0.07500901550667148
T Taibu (Afr/ZIM),2003-2009,70,0.08571428571428572,23.928571428571427,26.17,65.45,0.014285714285714285,0.11428571428571428,0.053536537710042985
DA Miller (SA),2010-2015,63,0.31746031746031744,25.984126984126984,38.06,102.56,0.031746031746031744,0.12698412698412698,0.10651629072681704
PR Stirling (IRE),2010-2016,50,0.02,31.3,31.93,98.18,0.1,0.08,0.1342534504391468
HH Dippenaar (SA),2001-2003,40,0.15,38.85,45.70,65.73,0.0,0.35,0.06598984771573604
SPD Smith (AUS),2010-2015,44,0.1590909090909091,35.20454545454545,41.86,89.48,0.09090909090909091,0.1590909090909091,0.08087810514153669
H Masakadza (ZIM),2004-2009,65,0.046153846153846156,23.615384615384617,24.75,71.56,0.0,0.18461538461538463,0.08205128205128205
Aftab Ahmed (BDESH),2006-2010,63,0.06349206349206349,24.0,25.62,88.88,0.0,0.1746031746031746,0.11875367430922987
CD McMillan (NZ),2001-2002,48,0.0625,31.416666666666668,33.51,78.95,0.041666666666666664,0.16666666666666666,0.07382198952879582
MDKJ Perera (SL),2013-2016,56,0.05357142857142857,26.839285714285715,28.35,91.59,0.05357142857142857,0.125,0.11761121267519806
DJ Bravo (WI),2004-2009,75,0.2,19.933333333333334,24.91,81.64,0.013333333333333334,0.05333333333333334,0.08246859639541235
RA Jadeja (INDIA),2009-2014,66,0.3484848484848485,21.348484848484848,32.76,81.87,0.0,0.12121212121212122,0.08192911098198721
Mahmudullah (BDESH),2007-2011,61,0.29508196721311475,22.147540983606557,31.41,69.46,0.0,0.09836065573770492,0.0544987146529563
DD Ebrahim (ZIM),2001-2005,70,0.05714285714285714,19.185714285714287,20.34,55.22,0.014285714285714285,0.05714285714285714,0.039884868421052634
Imrul Kayes (BDESH),2008-2011,48,0.020833333333333332,27.395833333333332,27.97,65.16,0.020833333333333332,0.1875,0.07185332011892963
WTS Porterfield (IRE),2006-2010,41,0.07317073170731707,32.02439024390244,34.55,67.78,0.12195121951219512,0.0975609756097561,0.07124419204956117
Raqibul Hasan (BDESH),2008-2011,53,0.1320754716981132,24.641509433962263,28.39,61.31,0.0,0.1509433962264151,0.051643192488262914
TWM Latham (NZ),2012-2016,45,0.13333333333333333,28.42222222222222,32.79,78.70,0.044444444444444446,0.13333333333333333,0.08184615384615385
CK Kapugedera (SL),2007-2012,59,0.0847457627118644,21.593220338983052,23.59,70.38,0.0,0.11864406779661017,0.05966850828729282
JP Duminy (SA),2004-2010,44,0.25,28.59090909090909,38.12,82.49,0.022727272727272728,0.13636363636363635,0.07147540983606557
RL Powell (WI),2001-2004,59,0.23728813559322035,21.28813559322034,27.91,96.98,0.0,0.0847457627118644,0.12123552123552124
KP Pietersen (ENG/ICC),2004-2006,26,0.23076923076923078,48.15384615384615,62.60,97.58,0.11538461538461539,0.34615384615384615,0.12003117692907249
Junaid Siddique (BDESH),2007-2011,53,0.018867924528301886,22.566037735849058,23.00,68.22,0.018867924528301886,0.11320754716981132,0.0713063320022818
MR Marsh (AUS),2013-2016,40,0.175,29.75,36.06,94.51,0.025,0.225,0.10802223987291501
Kamran Akmal (PAK),2002-2007,52,0.11538461538461539,22.78846153846154,25.76,79.26,0.057692307692307696,0.038461538461538464,0.10167224080267559
JA Rudolph (Afr/SA),2003-2006,39,0.15384615384615385,30.102564102564102,35.57,68.05,0.0,0.1794871794871795,0.06608695652173913
RS Bopara (ENG),2007-2011,50,0.14,23.28,27.06,71.45,0.0,0.08,0.06998158379373849
A Flintoff (ENG),2001-2003,42,0.19047619047619047,27.523809523809526,34.00,90.59,0.0,0.21428571428571427,0.11442006269592477
L Vincent (NZ),2001-2003,59,0.11864406779661017,18.677966101694917,21.19,56.42,0.0,0.06779661016949153,0.04505888376856119
SC Williams (ZIM),2006-2011,42,0.14285714285714285,26.0,30.33,73.09,0.0,0.2619047619047619,0.06091030789825971
BB McCullum (NZ),2002-2007,64,0.15625,17.0,20.14,81.55,0.0,0.046875,0.08320839580209895
Nasir Jamshed (PAK),2012-2015,36,0.027777777777777776,29.583333333333332,30.42,69.51,0.08333333333333333,0.1111111111111111,0.07441253263707572
C Kieswetter (ENG),2010-2013,40,0.125,26.35,30.11,89.93,0.025,0.125,0.11774744027303755
DA Warner (AUS),2009-2012,34,0.0,30.88235294117647,30.88,81.83,0.058823529411764705,0.14705882352941177,0.09275136399064692
CJ Anderson (NZ),2013-2016,40,0.125,26.175,29.91,111.02,0.025,0.1,0.14316012725344646
Nasir Hossain (BDESH),2011-2016,38,0.15789473684210525,27.05263157894737,32.12,79.75,0.02631578947368421,0.10526315789473684,0.07757951900698215
Yasir Hameed (PAK),2003-2004,24,0.041666666666666664,42.5,44.34,69.52,0.08333333333333333,0.2916666666666667,0.07566462167689161
AA Obanda (KENYA),2008-2013,40,0.025,25.45,26.10,74.14,0.0,0.15,0.09613983976693372
KD Karthik (INDIA),2006-2010,43,0.16279069767441862,23.41860465116279,27.97,75.09,0.0,0.11627906976744186,0.08650260999254288
D Mongia (INDIA),2001-2003,41,0.12195121951219512,24.365853658536587,27.75,73.13,0.024390243902439025,0.07317073170731707,0.08272327964860908
Imran Nazir (PAK),2002-2007,39,0.02564102564102564,25.53846153846154,26.21,88.21,0.02564102564102564,0.1282051282051282,0.13020372010628875
CJ Chibhabha (ZIM),2006-2011,48,0.0,20.333333333333332,20.33,59.87,0.0,0.14583333333333334,0.05337423312883435
BA Stokes (ENG),2011-2016,35,0.11428571428571428,27.285714285714285,30.80,95.50,0.02857142857142857,0.17142857142857143,0.108
Imran Farhat (PAK),2003-2006,29,0.034482758620689655,31.93103448275862,33.07,70.63,0.034482758620689655,0.20689655172413793,0.09000762776506484
TLW Cooper (NL),2010-2012,19,0.10526315789473684,48.21052631578947,53.88,71.00,0.05263157894736842,0.42105263157894735,0.06356589147286822
SR Watson (AUS),2002-2007,38,0.3684210526315789,24.026315789473685,38.04,81.22,0.0,0.18421052631578946,0.0809608540925267
GC Wilson (IRE),2007-2011,34,0.08823529411764706,26.705882352941178,29.29,77.34,0.029411764705882353,0.17647058823529413,0.09114139693356048
G Gambhir (INDIA),2003-2007,32,0.09375,28.1875,31.10,75.67,0.0625,0.15625,0.09899328859060402
JWA Taylor (ENG),2011-2015,26,0.19230769230769232,34.11538461538461,42.23,80.12,0.038461538461538464,0.2692307692307692,0.07317073170731707
Babar Azam (PAK),2015-2016,18,0.05555555555555555,49.22222222222222,52.11,93.55,0.16666666666666666,0.2777777777777778,0.0908130939809926
JJ Roy (ENG),2015-2016,24,0.08333333333333333,36.416666666666664,39.72,105.17,0.125,0.125,0.1371841155234657
J Charles (WI),2012-2014,30,0.0,28.966666666666665,28.96,80.46,0.06666666666666667,0.06666666666666667,0.10833333333333334
AN Cook (ENG),2006-2010,26,0.0,33.0,33.00,71.38,0.038461538461538464,0.19230769230769232,0.07820299500831947
GJ Maxwell (AUS),2012-2014,31,0.16129032258064516,27.516129032258064,32.80,121.16,0.0,0.25806451612903225,0.15482954545454544
Mohammad Shahzad (AFG),2009-2013,25,0.04,33.76,35.16,91.73,0.12,0.12,0.11956521739130435
HJH Marshall (NZ),2003-2004,28,0.21428571428571427,29.75,37.86,74.17,0.03571428571428571,0.2857142857142857,0.05431878895814782
PJ Hughes (AUS),2013-2014,24,0.041666666666666664,34.416666666666664,35.91,75.09,0.08333333333333333,0.16666666666666666,0.08727272727272728
RR Rossouw (SA),2014-2015,25,0.08,33.04,35.91,94.83,0.08,0.16,0.11595866819747416
KJ O'Brien (IRE),2007-2009,29,0.10344827586206896,28.448275862068964,31.73,77.46,0.034482758620689655,0.13793103448275862,0.08169014084507042
RV Uthappa (INDIA),2006-2008,34,0.14705882352941177,23.11764705882353,27.10,91.92,0.0,0.14705882352941177,0.1286549707602339
KOA Powell (WI),2011-2014,26,0.0,29.5,29.50,81.85,0.0,0.2692307692307692,0.10885805763073639
JH Kallis (SA),2001-2001,15,0.13333333333333333,50.666666666666664,58.46,74.14,0.13333333333333333,0.3333333333333333,0.05365853658536585
Anamul Haque (BDESH),2013-2015,22,0.0,34.31818181818182,34.31,69.71,0.09090909090909091,0.13636363636363635,0.07479224376731301
A Bagai (CAN),2003-2007,26,0.15384615384615385,28.692307692307693,33.90,64.58,0.07692307692307693,0.15384615384615385,0.05974025974025974
IK Pathan (INDIA),2005-2008,40,0.15,18.625,21.91,72.89,0.0,0.075,0.09980430528375733
Rajin Saleh (BDESH),2004-2006,35,0.02857142857142857,21.02857142857143,21.64,53.84,0.02857142857142857,0.11428571428571428,0.0548646671543526
MW Machan (SCOT),2013-2016,22,0.0,33.36363636363637,33.36,77.10,0.045454545454545456,0.13636363636363635,0.07247899159663866
MA Ouma (KENYA),2004-2008,37,0.02702702702702703,19.64864864864865,20.19,59.25,0.0,0.08108108108108109,0.06927465362673187
TD Paine (AUS),2009-2010,24,0.041666666666666664,30.208333333333332,31.52,68.72,0.041666666666666664,0.20833333333333334,0.08625592417061612
Soumya Sarkar (BDESH),2014-2016,20,0.1,36.2,40.22,99.45,0.05,0.2,0.1510989010989011
MS Wade (AUS),2012-2013,34,0.058823529411764705,20.852941176470587,22.15,68.56,0.0,0.11764705882352941,0.05319148936170213
AM Rahane (INDIA),2011-2014,27,0.0,25.444444444444443,25.44,72.16,0.0,0.18518518518518517,0.07457983193277311
D Ganga (WI),2001-2002,24,0.041666666666666664,28.0,29.21,61.65,0.0,0.3333333333333333,0.05321100917431193
DR Smith (WI),2004-2007,43,0.06976744186046512,15.511627906976743,16.67,100.75,0.0,0.046511627906976744,0.1299093655589124
Asad Shafiq (PAK),2010-2011,23,0.08695652173913043,28.82608695652174,31.57,69.20,0.0,0.21739130434782608,0.06367432150313153
DA Gunawardene (SL),2001-2003,23,0.0,28.391304347826086,28.39,65.89,0.0,0.17391304347826086,0.07366296670030273
Sabbir Rahman (BDESH),2014-2016,27,0.14814814814814814,23.814814814814813,27.95,96.40,0.0,0.07407407407407407,0.12143928035982009
JD Ryder (NZ),2008-2009,19,0.05263157894736842,33.526315789473685,35.38,93.26,0.05263157894736842,0.15789473684210525,0.13323572474377746
JDP Oram (NZ),2001-2004,40,0.075,15.575,16.83,73.81,0.0,0.075,0.08175355450236967
CS MacLeod (SCOT),2011-2014,19,0.10526315789473684,32.578947368421055,36.41,77.47,0.10526315789473684,0.05263157894736842,0.08010012515644556
MV Boucher (SA),2001-2002,29,0.27586206896551724,21.06896551724138,29.09,85.69,0.0,0.1724137931034483,0.0785413744740533
TM Odoyo (KENYA),2001-2003,28,0.07142857142857142,21.785714285714285,23.46,65.66,0.0,0.07142857142857142,0.077502691065662
Mohammad Hafeez (PAK),2003-2006,35,0.02857142857142857,17.37142857142857,17.88,52.82,0.0,0.08571428571428572,0.06516072980017376
Fawad Alam (PAK),2007-2010,23,0.34782608695652173,26.043478260869566,39.93,74.40,0.0,0.17391304347826086,0.040993788819875775
CJ Ferguson (AUS),2009-2010,22,0.4090909090909091,27.227272727272727,46.07,85.08,0.0,0.22727272727272727,0.08238636363636363
RR Patel (KENYA),2009-2014,30,0.13333333333333333,19.866666666666667,22.92,64.92,0.0,0.06666666666666667,0.06753812636165578
LJ Wright (ENG),2007-2010,30,0.1,19.433333333333334,21.59,90.10,0.0,0.06666666666666667,0.10510046367851623
SE Marsh (AUS),2008-2009,15,0.06666666666666667,38.8,41.57,75.09,0.0,0.3333333333333333,0.07870967741935483
CR Ervine (ZIM),2010-2011,21,0.14285714285714285,27.666666666666668,32.27,75.65,0.0,0.19047619047619047,0.0703125
Javed Ahmadi (AFG),2012-2016,23,0.0,25.17391304347826,25.17,81.32,0.0,0.21739130434782608,0.10955056179775281
D Ramdin (WI),2006-2010,39,0.1794871794871795,14.76923076923077,18.00,74.61,0.0,0.02564102564102564,0.06476683937823834
HM Amla (SA),2008-2009,14,0.21428571428571427,40.5,51.54,86.56,0.07142857142857142,0.21428571428571427,0.09770992366412214
BKG Mendis (SL),2016-2016,15,0.06666666666666667,37.4,40.07,91.21,0.0,0.4666666666666667,0.12845528455284552
MA Vermeulen (ZIM),2002-2004,31,0.12903225806451613,18.096774193548388,20.77,71.10,0.0,0.12903225806451613,0.10266159695817491
T Mishra (KENYA),2007-2012,20,0.15,27.75,32.64,74.19,0.0,0.25,0.06550802139037433
T Duffin (ZIM),2006-2007,23,0.0,23.73913043478261,23.73,54.98,0.0,0.13043478260869565,0.05740181268882175
Mominul Haque (BDESH),2012-2015,23,0.043478260869565216,23.47826086956522,24.54,74.48,0.0,0.13043478260869565,0.08275862068965517
Noor Ali Zadran (AFG),2009-2014,19,0.05263157894736842,28.31578947368421,29.88,71.07,0.05263157894736842,0.10526315789473684,0.07793923381770146
Najibullah Zadran (AFG),2014-2016,24,0.041666666666666664,22.0,22.95,81.35,0.0,0.16666666666666666,0.09861325115562404
Asghar Stanikzai (AFG),2009-2013,25,0.16,20.44,24.33,55.18,0.0,0.12,0.04319654427645788
MS Sinclair (NZ),2001-2001,16,0.0625,31.8125,33.93,64.59,0.125,0.125,0.0532994923857868
ND McKenzie (SA),2001-2001,13,0.38461538461538464,38.76923076923077,63.00,74.88,0.07692307692307693,0.15384615384615385,0.07280832095096583
NJ O'Brien (IRE),2006-2007,21,0.0,23.952380952380953,23.95,63.75,0.0,0.23809523809523808,0.05576679340937896
NLTC Perera (SL),2009-2015,37,0.13513513513513514,13.162162162162161,15.21,118.49,0.0,0.05405405405405406,0.145985401459854
WW Hinds (WI),2001-2002,22,0.09090909090909091,22.0,24.20,66.48,0.0,0.18181818181818182,0.06043956043956044
BG Rogers (ZIM),2002-2005,15,0.0,31.866666666666667,31.86,69.37,0.0,0.3333333333333333,0.0899854862119013
MJ Prior (ENG),2004-2007,22,0.0,21.318181818181817,21.31,72.93,0.0,0.045454545454545456,0.09331259720062209
RD Berrington (SCOT),2008-2013,21,0.047619047619047616,21.38095238095238,22.45,77.28,0.0,0.19047619047619047,0.07228915662650602
Taufeeq Umar (PAK),2001-2005,19,0.05263157894736842,23.526315789473685,24.83,57.45,0.0,0.15789473684210525,0.061696658097686374
DA Marillier (ZIM),2001-2003,26,0.11538461538461539,17.076923076923077,19.30,70.14,0.038461538461538464,0.07692307692307693,0.061611374407582936
ME Trescothick (ENG),2001-2001,14,0.0,31.571428571428573,31.57,81.39,0.07142857142857142,0.14285714285714285,0.10313075506445672
DLS van Bunge (NL),2003-2008,20,0.05,21.5,22.63,60.56,0.0,0.1,0.06619718309859154
Babar Hayat (HKG),2014-2016,12,0.08333333333333333,35.416666666666664,38.63,80.79,0.0,0.4166666666666667,0.10836501901140684
Alok Kapali (BDESH),2004-2008,29,0.0,14.551724137931034,14.55,72.63,0.034482758620689655,0.034482758620689655,0.07401032702237521
A Balbirnie (IRE),2014-2015,17,0.058823529411764705,24.823529411764707,26.37,69.86,0.0,0.11764705882352941,0.06788079470198675
AN Kervezee (NL),2010-2012,15,0.06666666666666667,27.933333333333334,29.92,85.33,0.0,0.13333333333333333,0.1079429735234216
HK Badani (INDIA),2001-2002,20,0.2,20.8,26.00,69.44,0.05,0.05,0.06844741235392321
TM Head (AUS),2016-2016,14,0.0,29.714285714285715,29.71,86.12,0.0,0.21428571428571427,0.09316770186335403
MF Maharoof (SL),2004-2009,28,0.21428571428571427,14.642857142857142,18.63,84.88,0.0,0.03571428571428571,0.08902691511387163
Mohammad Rizwan (PAK),2015-2016,18,0.2777777777777778,22.72222222222222,31.46,94.89,0.0,0.16666666666666666,0.0951276102088167
PL Mommsen (SCOT),2010-2013,19,0.10526315789473684,21.473684210526315,24.00,56.04,0.0,0.15789473684210525,0.04945054945054945
Rahmat Shah (AFG),2014-2016,13,0.07692307692307693,30.923076923076923,33.50,65.79,0.07692307692307693,0.07692307692307693,0.049099836333878884
DS Smith (WI),2003-2007,17,0.11764705882352941,23.176470588235293,26.26,65.77,0.0,0.058823529411764705,0.07345575959933222
ES Szwarczynski (NL),2006-2008,13,0.07692307692307693,30.307692307692307,32.83,69.61,0.0,0.3076923076923077,0.07243816254416961
SMA Priyanjan (SL),2013-2015,19,0.05263157894736842,20.05263157894737,21.16,75.14,0.0,0.10526315789473684,0.08284023668639054
MD Gunathilaka (SL),2015-2016,15,0.0,25.133333333333333,25.13,89.97,0.0,0.2,0.10978520286396182
CO Obuya (KENYA),2001-2007,20,0.05,18.75,19.73,67.56,0.0,0.05,0.04864864864864865
CA Ingram (SA),2010-2011,11,0.18181818181818182,34.0,41.55,89.26,0.18181818181818182,0.0,0.09307875894988067
RM Haq (SCOT),2007-2007,15,0.0,24.533333333333335,24.53,69.04,0.0,0.2,0.09193245778611632
TJ Friend (ZIM),2002-2004,16,0.0,22.4375,22.43,86.29,0.0,0.1875,0.10817307692307693
JWM Dalrymple (ENG),2006-2006,13,0.0,27.384615384615383,27.38,74.78,0.0,0.15384615384615385,0.0546218487394958
Hannan Sarkar (BDESH),2003-2004,16,0.0,22.1875,22.18,55.46,0.0,0.1875,0.0578125
PD Collingwood (ENG),2001-2002,18,0.2222222222222222,19.61111111111111,25.21,77.58,0.0,0.16666666666666666,0.06593406593406594
Nizakat Khan (HKG),2014-2016,10,0.0,35.0,35.00,83.53,0.0,0.1,0.1026252983293556
IA Karim (KENYA),2013-2014,7,0.0,49.0,49.00,73.92,0.2857142857142857,0.14285714285714285,0.07758620689655173
SD Outerbridge (BMUDA),2006-2009,23,0.0,14.608695652173912,14.60,54.90,0.0,0.043478260869565216,0.05228758169934641
GEF Barnett (CAN),2006-2009,16,0.0,20.75,20.75,61.59,0.0,0.0625,0.07792207792207792
Nawroz Mangal (AFG),2009-2010,11,0.2727272727272727,28.90909090909091,39.75,78.13,0.0,0.18181818181818182,0.08108108108108109
CL White (AUS),2005-2009,18,0.3333333333333333,17.5,26.25,95.74,0.0,0.0,0.08206686930091185
HP Rinke (ZIM),2006-2006,17,0.0,18.470588235294116,18.47,84.86,0.0,0.17647058823529413,0.11621621621621622
Farhad Reza (BDESH),2006-2008,16,0.1875,19.0,23.38,77.15,0.0,0.0625,0.09898477157360407
AM Blignaut (ZIM),2001-2004,17,0.17647058823529413,17.823529411764707,21.64,119.29,0.0,0.17647058823529413,0.14566929133858267
J Mubarak (SL),2002-2006,18,0.0,16.666666666666668,16.66,58.82,0.0,0.1111111111111111,0.07254901960784314
GS Ballance (ENG),2013-2015,15,0.06666666666666667,19.8,21.21,67.04,0.0,0.13333333333333333,0.04966139954853273
LMP Simmons (WI),2006-2010,17,0.058823529411764705,17.294117647058822,18.37,56.10,0.0,0.11764705882352941,0.05916030534351145
Naeem Islam (BDESH),2008-2012,19,0.3157894736842105,15.31578947368421,22.38,63.39,0.0,0.10526315789473684,0.06753812636165578
OA Shah (ENG),2001-2003,15,0.13333333333333333,18.866666666666667,21.76,65.96,0.0,0.13333333333333333,0.046620046620046623
ID Blackwell (ENG),2002-2004,16,0.0625,17.5625,18.73,94.93,0.0,0.0625,0.10810810810810811
Faisal Iqbal (PAK),2002-2006,13,0.07692307692307693,21.615384615384617,23.41,63.28,0.07692307692307693,0.0,0.05855855855855856
Haris Sohail (PAK),2013-2014,8,0.125,35.0,40.00,80.69,0.0,0.25,0.07780979827089338
Javed Omar (BDESH),2001-2002,13,0.07692307692307693,21.46153846153846,23.25,50.00,0.0,0.15384615384615385,0.05197132616487455
XM Marshall (WI),2008-2009,14,0.21428571428571427,19.785714285714285,25.18,83.18,0.07142857142857142,0.0,0.11411411411411411
SM Ervine (ZIM),2003-2004,11,0.09090909090909091,24.818181818181817,27.30,74.38,0.09090909090909091,0.09090909090909091,0.07901907356948229
BJ Patel (KENYA),2002-2003,15,0.06666666666666667,18.133333333333333,19.42,54.18,0.0,0.0,0.08565737051792828
MH Cross (SCOT),2014-2016,19,0.0,14.263157894736842,14.26,76.98,0.0,0.05263157894736842,0.08806818181818182
JH Davey (SCOT),2010-2015,11,0.09090909090909091,24.545454545454547,27.00,61.78,0.0,0.09090909090909091,0.059496567505720827
DM de Silva (SL),2016-2016,9,0.1111111111111111,30.0,33.75,82.82,0.0,0.3333333333333333,0.10429447852760736
JP Faulkner (AUS),2013-2016,12,0.4166666666666667,22.416666666666668,38.42,116.95,0.08333333333333333,0.0,0.1565217391304348
Umar Amin (PAK),2010-2014,15,0.06666666666666667,17.933333333333334,19.21,69.32,0.0,0.06666666666666667,0.07731958762886598
JL Denly (ENG),2009-2009,9,0.0,29.77777777777778,29.77,65.52,0.0,0.2222222222222222,0.07823960880195599
R Gunasekera (CAN),2011-2014,11,0.0,24.363636363636363,24.36,69.25,0.0,0.36363636363636365,0.07751937984496124
Samiullah Shenwari (AFG),2009-2012,8,0.125,33.375,38.14,64.96,0.0,0.25,0.0681265206812652
AB Barath (WI),2011-2012,9,0.1111111111111111,29.22222222222222,32.87,68.48,0.1111111111111111,0.0,0.08333333333333333
Al Sahariar (BDESH),2001-2003,24,0.0,10.916666666666666,10.91,51.47,0.0,0.041666666666666664,0.068762278978389
HJW Gardiner (SCOT),2013-2015,11,0.0,23.818181818181817,23.81,66.16,0.0,0.18181818181818182,0.08333333333333333
JM Bairstow (ENG),2011-2015,10,0.2,26.0,32.50,94.54,0.0,0.1,0.10909090909090909
ML Udawatte (SL),2008-2008,9,0.0,28.555555555555557,28.55,67.10,0.0,0.2222222222222222,0.0731070496083551
ADS Fletcher (WI),2008-2010,15,0.0,17.066666666666666,17.06,70.13,0.0,0.13333333333333333,0.0958904109589041
P Utseya (ZIM),2009-2011,11,0.2727272727272727,23.272727272727273,32.00,73.14,0.0,0.2727272727272727,0.06285714285714286
Naved Latif (PAK),2001-2002,9,0.0,28.333333333333332,28.33,63.59,0.1111111111111111,0.0,0.08478802992518704
Shamsur Rahman (BDESH),2013-2014,8,0.0,31.75,31.75,77.43,0.0,0.25,0.09146341463414634
J Edness (BMUDA),2007-2008,11,0.18181818181818182,22.90909090909091,28.00,62.53,0.0,0.09090909090909091,0.062034739454094295
SM Davies (ENG),2009-2011,8,0.0,30.5,30.50,105.62,0.0,0.125,0.15584415584415584
Jahurul Islam (BDESH),2010-2012,11,0.09090909090909091,22.181818181818183,24.40,69.31,0.0,0.09090909090909091,0.06534090909090909
NS Poonia (SCOT),2006-2009,21,0.0,11.285714285714286,11.28,62.86,0.0,0.047619047619047616,0.08753315649867374
Khurram Manzoor (PAK),2008-2009,7,0.0,33.714285714285715,33.71,62.93,0.0,0.42857142857142855,0.056
PJ Moor (ZIM),2015-2016,11,0.0,21.454545454545453,21.45,68.40,0.0,0.18181818181818182,0.06956521739130435
P Mustard (ENG),2007-2008,10,0.0,23.3,23.30,92.46,0.0,0.1,0.13095238095238096
Afsar Zazai (AFG),2014-2015,13,0.07692307692307693,17.846153846153847,19.33,58.43,0.0,0.15384615384615385,0.037783375314861464
F Mutizwa (ZIM),2009-2011,10,0.1,22.9,25.44,74.11,0.0,0.2,0.0744336569579288
E Lewis (WI),2016-2016,5,0.0,44.8,44.80,98.24,0.2,0.0,0.13157894736842105
HM Nicholls (NZ),2015-2016,10,0.2,22.2,27.75,73.50,0.0,0.2,0.0695364238410596
PW Borren (NL),2006-2009,14,0.0,15.785714285714286,15.78,96.08,0.0,0.14285714285714285,0.11304347826086956
Y Venugopal Rao (INDIA),2005-2006,11,0.18181818181818182,19.818181818181817,24.22,60.05,0.0,0.09090909090909091,0.05234159779614325
KC Brathwaite (WI),2016-2016,7,0.0,31.0,31.00,57.86,0.0,0.14285714285714285,0.032
AD Russell (WI),2011-2014,8,0.375,27.0,43.20,133.33,0.0,0.125,0.19135802469135801
FRJ Coleman (SCOT),2013-2015,14,0.0,15.071428571428571,15.07,61.33,0.0,0.07142857142857142,0.06395348837209303
Mohammad Nabi (AFG),2009-2010,11,0.36363636363636365,19.181818181818183,30.14,89.40,0.0,0.18181818181818182,0.1016949152542373
AB Agarkar (INDIA),2001-2003,12,0.25,17.5,23.33,90.12,0.0,0.08333333333333333,0.11158798283261803
DO Obuya (KENYA),2001-2003,19,0.0,11.052631578947368,11.05,47.83,0.0,0.05263157894736842,0.05922551252847381
RS Sodhi (INDIA),2001-2002,10,0.1,21.0,23.33,76.08,0.0,0.1,0.06159420289855073
Shafiqullah (AFG),2010-2015,9,0.1111111111111111,23.22222222222222,26.12,94.14,0.0,0.1111111111111111,0.08558558558558559
L Siaka (PNG),2014-2016,5,0.0,41.8,41.80,92.47,0.2,0.0,0.11504424778761062
MHW Papps (NZ),2004-2005,6,0.3333333333333333,34.5,51.75,60.52,0.0,0.3333333333333333,0.07017543859649122
AR Berenger (UAE),2014-2015,10,0.0,20.5,20.50,67.43,0.0,0.2,0.08552631578947369
NT Broom (NZ),2009-2009,16,0.1875,12.5625,15.46,65.68,0.0,0.0,0.05555555555555555
JDS Neesham (NZ),2013-2015,10,0.5,20.0,40.00,104.16,0.0,0.0,0.11458333333333333
AJ Burger (NAM),2003-2003,6,0.0,33.166666666666664,33.16,100.50,0.0,0.16666666666666666,0.1414141414141414
CK Coventry (ZIM),2003-2006,10,0.0,19.9,19.90,85.77,0.0,0.1,0.11206896551724138
KL Rahul (INDIA),2016-2016,3,0.6666666666666666,65.33333333333333,196.00,83.40,0.3333333333333333,0.3333333333333333,0.07659574468085106
DC Thomas (WI),2011-2013,17,0.058823529411764705,11.529411764705882,12.25,61.44,0.0,0.0,0.05642633228840126
RW Chakabva (ZIM),2010-2013,15,0.0,13.0,13.00,46.98,0.0,0.0,0.02650602409638554
Sharjeel Khan (PAK),2013-2014,11,0.0,17.636363636363637,17.63,80.16,0.0,0.09090909090909091,0.11983471074380166
JO Holder (WI),2016-2016,9,0.3333333333333333,21.22222222222222,31.83,88.01,0.0,0.0,0.08294930875576037
Mudassar Bukhari (NL),2007-2009,7,0.0,27.0,27.00,67.98,0.0,0.2857142857142857,0.08633093525179857
Usman Limbada (CAN),2010-2014,11,0.09090909090909091,17.181818181818183,18.90,66.54,0.0,0.09090909090909091,0.07042253521126761
SD Hope (WI),2016-2016,4,0.0,46.75,46.75,73.33,0.25,0.0,0.06666666666666667
MN Waller (ZIM),2009-2009,11,0.09090909090909091,16.727272727272727,18.40,69.43,0.0,0.09090909090909091,0.0830188679245283
N Dickwella (SL),2014-2016,5,0.0,36.6,36.60,85.11,0.0,0.2,0.08837209302325581
AD Poynter (IRE),2008-2011,10,0.1,17.8,19.77,69.26,0.0,0.2,0.07003891050583658
BC Hollioake (ENG),2001-2002,10,0.2,17.4,21.75,73.10,0.0,0.1,0.07563025210084033
Gulbadin Naib (AFG),2012-2016,7,0.2857142857142857,24.428571428571427,34.20,96.61,0.0,0.14285714285714285,0.11299435028248588
SF Mire (ZIM),2014-2015,9,0.0,19.0,19.00,61.29,0.0,0.2222222222222222,0.053763440860215055
Tushar Imran (BDESH),2005-2007,17,0.0,10.058823529411764,10.05,49.70,0.0,0.0,0.05813953488372093
DR Flynn (NZ),2008-2009,13,0.15384615384615385,12.846153846153847,15.18,57.19,0.0,0.0,0.05136986301369863
MJ Santner (NZ),2015-2016,10,0.3,16.7,23.85,104.37,0.0,0.0,0.11875
TC Bastiampillai (CAN),2007-2010,11,0.0,14.818181818181818,14.81,63.42,0.0,0.0,0.10505836575875487
Saleem Elahi (PAK),2001-2001,6,0.0,26.833333333333332,26.83,65.71,0.0,0.16666666666666666,0.0653061224489796
PA Patel (INDIA),2010-2011,4,0.25,39.5,52.66,85.40,0.0,0.5,0.12432432432432433
SR Waters (KENYA),2010-2011,8,0.0,19.75,19.75,51.13,0.0,0.125,0.038834951456310676
KS Lokuarachchi (SL),2003-2007,8,0.125,19.5,22.28,86.66,0.0,0.125,0.06666666666666667
GJ Rennie (ZIM),2001-2001,9,0.2222222222222222,17.0,21.85,73.91,0.0,0.0,0.028985507246376812
SW Billings (ENG),2015-2016,5,0.0,30.4,30.40,110.94,0.0,0.2,0.12408759124087591
Hashmatullah Shahidi (AFG),2016-2016,6,0.0,25.333333333333332,25.33,54.67,0.0,0.16666666666666666,0.04316546762589928
MS Chapman (HKG),2015-2015,2,0.5,75.5,151.00,100.00,0.5,0.0,0.09271523178807947
JJ Atkinson (HKG),2014-2016,5,0.0,30.0,30.00,66.07,0.0,0.2,0.07488986784140969
DJG Sammy (WI),2008-2009,7,0.0,21.428571428571427,21.42,82.87,0.0,0.0,0.09392265193370165
Khalid Latif (PAK),2008-2010,5,0.0,29.4,29.40,64.47,0.0,0.2,0.05701754385964912
GM Strydom (ZIM),2006-2006,10,0.0,14.7,14.70,65.33,0.0,0.1,0.08888888888888889
A Symonds (AUS),2001-2001,7,0.14285714285714285,21.0,24.50,121.48,0.0,0.14285714285714285,0.1487603305785124
SE Findlay (WI),2008-2009,8,0.125,18.25,20.85,75.25,0.0,0.125,0.0979381443298969
Nasir Jamal (AFG),2014-2015,5,0.2,28.8,36.00,61.27,0.0,0.2,0.04680851063829787
JM How (NZ),2005-2006,5,0.0,28.2,28.20,65.58,0.0,0.4,0.09767441860465116
Manjural Islam Rana (BDESH),2004-2005,10,0.1,13.9,15.44,46.80,0.0,0.0,0.026936026936026935
JA Burns (AUS),2015-2015,3,0.0,45.0,45.00,90.60,0.0,0.3333333333333333,0.11409395973154363
MM Iqbal (SCOT),2010-2010,8,0.375,16.875,27.00,56.72,0.0,0.125,0.04201680672268908
Mashrafe Mortaza (BDESH),2005-2008,9,0.2222222222222222,14.88888888888889,19.14,147.25,0.0,0.0,0.1978021978021978
BB Chari (ZIM),2015-2016,8,0.0,16.0,16.00,44.75,0.0,0.0,0.024475524475524476
R Clarke (ENG),2003-2006,11,0.0,11.545454545454545,11.54,65.46,0.0,0.0,0.06701030927835051
AD Hales (ENG),2014-2014,7,0.0,18.0,18.00,70.39,0.0,0.0,0.0782122905027933
AR Patel (INDIA),2014-2016,8,0.25,15.75,21.00,95.45,0.0,0.0,0.08333333333333333
Liton Das (BDESH),2015-2015,9,0.1111111111111111,13.777777777777779,15.50,73.80,0.0,0.0,0.08333333333333333
A Maregwede (ZIM),2003-2005,11,0.09090909090909091,11.272727272727273,12.40,56.88,0.0,0.0,0.05504587155963303
SW Poynter (IRE),2014-2016,11,0.09090909090909091,11.272727272727273,12.40,71.67,0.0,0.0,0.06936416184971098
BM Duckett (ENG),2016-2016,3,0.0,41.0,41.00,80.92,0.0,0.6666666666666666,0.07236842105263158
Mehrab Hossain (BDESH),2001-2003,8,0.0,15.25,15.25,54.22,0.0,0.0,0.07111111111111111
BA Parchment (WI),2007-2008,7,0.0,17.428571428571427,17.42,56.22,0.0,0.0,0.07834101382488479
SR Thompson (IRE),2014-2015,6,0.16666666666666666,20.333333333333332,24.40,93.12,0.0,0.0,0.10687022900763359
Mohammad Nawaz (3) (PAK),2016-2016,5,0.2,23.8,29.75,95.20,0.0,0.2,0.088
SR Patel (ENG),2008-2008,5,0.0,23.2,23.20,93.54,0.0,0.0,0.08064516129032258
Hamza Tariq (CAN),2011-2014,5,0.0,22.6,22.60,75.33,0.0,0.2,0.11333333333333333
CJ Nevin (NZ),2001-2001,4,0.0,28.25,28.25,102.72,0.0,0.25,0.10909090909090909
H Patel (CAN),2011-2013,7,0.14285714285714285,16.142857142857142,18.83,79.57,0.0,0.0,0.11267605633802817
MJ Cosgrove (AUS),2006-2006,3,0.0,37.333333333333336,37.33,96.55,0.0,0.3333333333333333,0.1206896551724138
DP Viljoen (ZIM),2001-2001,8,0.0,14.0,14.00,57.43,0.0,0.0,0.02564102564102564
WD Parnell (SA),2012-2015,8,0.375,13.375,21.40,70.39,0.0,0.0,0.06578947368421052
JM Vince (ENG),2016-2016,4,0.0,26.0,26.00,84.55,0.0,0.25,0.0975609756097561
AN Petersen (SA),2006-2006,2,0.0,50.0,50.00,111.11,0.0,0.5,0.15555555555555556
Shahzaib Hasan (PAK),2010-2010,3,0.0,33.333333333333336,33.33,88.49,0.0,0.3333333333333333,0.13274336283185842
N Deonarine (WI),2005-2007,5,0.0,19.8,19.80,50.51,0.0,0.0,0.04591836734693878
LV Garrick (WI),2001-2001,3,0.0,33.0,33.00,48.52,0.0,0.3333333333333333,0.0392156862745098
Saad Nasim (PAK),2015-2015,3,0.3333333333333333,33.0,49.50,79.83,0.0,0.3333333333333333,0.08064516129032258
Khaled Mashud (BDESH),2001-2002,7,0.14285714285714285,14.0,16.33,48.27,0.0,0.14285714285714285,0.034482758620689655
MD Shanaka (SL),2016-2016,5,0.2,19.4,24.25,125.97,0.0,0.0,0.18181818181818182
ASA Perera (SL),2001-2001,5,0.2,19.0,23.75,76.00,0.0,0.2,0.064
D Elgar (SA),2012-2012,4,0.0,23.25,23.25,58.86,0.0,0.0,0.02531645569620253
S Bau (PNG),2016-2016,3,0.0,30.666666666666668,30.66,76.03,0.0,0.0,0.08264462809917356
Mosaddek Hossain (BDESH),2016-2016,6,0.16666666666666666,15.333333333333334,18.40,76.66,0.0,0.0,0.1
Nazimuddin (BDESH),2008-2008,7,0.0,12.857142857142858,12.85,69.23,0.0,0.0,0.1076923076923077
CMW Read (ENG),2003-2004,6,0.5,14.833333333333334,29.66,85.57,0.0,0.0,0.0673076923076923
NN Odhiambo (KENYA),2007-2008,5,0.2,17.6,22.00,75.21,0.0,0.2,0.08547008547008547
Raees Ahmadzai (AFG),2009-2010,4,0.25,22.0,29.33,64.23,0.0,0.0,0.058394160583941604
A Ratra (INDIA),2002-2002,7,0.14285714285714285,12.571428571428571,14.66,70.40,0.0,0.0,0.064
CT Mutombodzi (ZIM),2015-2015,7,0.14285714285714285,12.428571428571429,14.50,64.92,0.0,0.0,0.05223880597014925
BJ Watling (NZ),2010-2010,6,0.0,14.0,14.00,54.90,0.0,0.16666666666666666,0.06535947712418301
JL Ontong (Afr/SA),2001-2005,10,0.1,8.3,9.22,59.28,0.0,0.0,0.05714285714285714
KJ Coetzer (SCOT),2008-2009,4,0.0,20.25,20.25,72.97,0.0,0.0,0.13513513513513514
OAC Banks (WI),2003-2005,4,0.0,20.0,20.00,55.94,0.0,0.0,0.03496503496503497
Hammad Azam (PAK),2011-2015,7,0.2857142857142857,11.428571428571429,16.00,61.06,0.0,0.0,0.05343511450381679
LR Johnson (WI),2008-2008,3,0.0,26.333333333333332,26.33,69.29,0.0,0.3333333333333333,0.07894736842105263
Waqas Barkat (HKG),2014-2015,6,0.16666666666666666,13.166666666666666,15.80,54.10,0.0,0.0,0.04794520547945205
Bazid Khan (PAK),2004-2005,3,0.0,26.0,26.00,59.09,0.0,0.3333333333333333,0.03787878787878788
BN Cooper (NL),2013-2014,2,0.0,38.5,38.50,126.22,0.0,0.5,0.16393442622950818
R Powell (WI),2016-2016,4,0.0,19.25,19.25,111.59,0.0,0.0,0.11594202898550725
MD Bell (NZ),2001-2001,3,0.0,25.333333333333332,25.33,60.31,0.0,0.3333333333333333,0.047619047619047616
Irfan Ahmed (HKG),2014-2014,4,0.0,18.5,18.50,91.35,0.0,0.0,0.14814814814814814
MA Leask (SCOT),2014-2016,6,0.0,12.333333333333334,12.33,108.82,0.0,0.0,0.1323529411764706
RJ Peterson (SA),2002-2004,4,0.0,18.25,18.25,79.34,0.0,0.0,0.07608695652173914
AS Hansra (CAN),2010-2010,5,0.4,14.4,24.00,66.66,0.0,0.0,0.037037037037037035
T Maruma (ZIM),2008-2013,7,0.0,10.285714285714286,10.28,45.85,0.0,0.0,0.050955414012738856
OL Pitcher (BMUDA),2007-2007,5,0.0,14.4,14.40,33.17,0.0,0.0,0.018433179723502304
PC de Silva (SL),2014-2014,5,0.2,14.2,17.75,82.55,0.0,0.0,0.08139534883720931
RO Hinds (WI),2001-2004,6,0.3333333333333333,11.833333333333334,17.75,54.61,0.0,0.0,0.06153846153846154
MK Pandey (INDIA),2015-2015,1,0.0,71.0,71.00,82.55,0.0,1.0,0.05813953488372093
Aizaz Khan (HKG),2014-2016,4,0.0,17.5,17.50,67.30,0.0,0.0,0.057692307692307696
KED Carroll (IRE),2007-2007,6,0.0,11.666666666666666,11.66,55.55,0.0,0.0,0.03968253968253968
Shuvagata Hom (BDESH),2011-2011,3,0.3333333333333333,23.333333333333332,35.00,81.39,0.0,0.0,0.10465116279069768
S Dhawan (INDIA),2010-2011,5,0.0,13.8,13.80,56.09,0.0,0.2,0.04065040650406504
RJ Trott (BMUDA),2008-2008,4,0.5,17.25,34.50,51.49,0.0,0.0,0.029850746268656716
CR Woakes (ENG),2013-2013,4,0.25,17.25,23.00,75.00,0.0,0.0,0.05434782608695652
FS Crockwell (BMUDA),2009-2009,2,0.0,34.0,34.00,65.38,0.0,0.0,0.09615384615384616
FDM Karunaratne (SL),2011-2013,5,0.0,13.6,13.60,66.66,0.0,0.2,0.0392156862745098
C Munro (NZ),2013-2013,2,0.0,33.0,33.00,88.00,0.0,0.5,0.10666666666666667
OO Bascome (BMUDA),2008-2008,6,0.0,10.833333333333334,10.83,44.82,0.0,0.0,0.041379310344827586
R Mutumbami (ZIM),2014-2015,6,0.16666666666666666,10.666666666666666,12.80,52.45,0.0,0.0,0.06557377049180328
S Chattergoon (WI),2006-2006,3,0.3333333333333333,21.0,31.50,63.63,0.0,0.3333333333333333,0.09090909090909091
RO Hussain (SCOT),2006-2010,8,0.125,7.875,9.00,44.05,0.0,0.0,0.04195804195804196
MQ Sheikh (SCOT),2008-2010,7,0.14285714285714285,9.0,10.50,45.00,0.0,0.0,0.04285714285714286
CJA Amini (PNG),2014-2014,2,0.5,30.5,61.00,89.70,0.0,0.5,0.11764705882352941
MK Tiwary (INDIA),2008-2011,5,0.0,12.2,12.20,66.30,0.0,0.0,0.07608695652173914
Abdul Jabbar (CAN),2007-2007,2,0.0,29.5,29.50,71.95,0.0,0.0,0.12195121951219512
SC Joseph (WI),2001-2004,4,0.25,14.75,19.66,43.70,0.0,0.0,0.022222222222222223
DS Wesonga (KENYA),2010-2010,3,0.0,19.666666666666668,19.66,57.28,0.0,0.0,0.04854368932038835
Ehsanul Haque (BDESH),2002-2003,6,0.0,9.5,9.50,44.18,0.0,0.0,0.046511627906976744
Humayun Farhat (PAK),2001-2001,2,0.0,28.5,28.50,116.32,0.0,0.0,0.14285714285714285
DCC Borden (BMUDA),2006-2008,6,0.16666666666666666,9.0,10.80,43.54,0.0,0.0,0.04032258064516129
RWT Key (ENG),2003-2004,5,0.0,10.8,10.80,40.00,0.0,0.0,0.044444444444444446
TM Dilshan (SL),2002-2002,2,0.0,26.0,26.00,69.33,0.0,0.5,0.06666666666666667
D Dasgupta (INDIA),2001-2001,3,0.3333333333333333,17.0,25.50,62.96,0.0,0.0,0.07407407407407407
GSNFG Jayasuriya (SL),2015-2016,4,0.25,12.75,17.00,57.95,0.0,0.0,0.045454545454545456
Mehrab Hossain jnr (BDESH),2007-2009,6,0.0,8.5,8.50,35.17,0.0,0.0,0.034482758620689655
D Bau (PNG),2016-2016,3,0.0,16.666666666666668,16.66,63.29,0.0,0.0,0.0759493670886076
Dhiman Ghosh (BDESH),2008-2008,6,0.16666666666666666,8.333333333333334,10.00,50.00,0.0,0.0,0.02
Sarfraz Ahmed (PAK),2008-2012,4,0.25,12.5,16.66,67.56,0.0,0.0,0.04054054054054054
LPC Silva (SL),2001-2002,3,0.0,16.333333333333332,16.33,56.32,0.0,0.0,0.034482758620689655
SS Tiwary (INDIA),2010-2010,2,1.0,24.5,-,87.50,0.0,0.0,0.10714285714285714
D Murphy (SCOT),2013-2013,4,0.25,12.0,16.00,54.54,0.0,0.0,0.03409090909090909
ML Nkala (ZIM),2004-2006,4,0.0,12.0,12.00,66.66,0.0,0.0,0.041666666666666664
SB Styris (NZ),2001-2001,1,0.0,48.0,48.00,145.45,0.0,0.0,0.18181818181818182
MG Vandort (SL),2006-2006,1,0.0,48.0,48.00,41.02,0.0,0.0,0.02564102564102564
JM Kemp (SA),2001-2001,2,0.0,23.5,23.50,56.62,0.0,0.0,0.04819277108433735
J Botha (SA),2006-2006,1,0.0,46.0,46.00,75.40,0.0,0.0,0.06557377049180328
TT Bresnan (ENG),2010-2010,4,0.5,11.5,23.00,88.46,0.0,0.0,0.09615384615384616
KK Nair (INDIA),2016-2016,2,0.0,23.0,23.00,52.27,0.0,0.0,0.06818181818181818
M Karg (NAM),2003-2003,2,0.0,22.5,22.50,69.23,0.0,0.0,0.07692307692307693
AF Buurman (NL),2007-2007,3,0.0,14.666666666666666,14.66,73.33,0.0,0.0,0.03333333333333333
Nurul Hasan (BDESH),2016-2016,1,0.0,44.0,44.00,112.82,0.0,0.0,0.10256410256410256
MDK Perera (SL),2007-2008,4,0.0,11.0,11.00,57.14,0.0,0.0,0.05194805194805195
LHD Dilhara (SL),2005-2005,6,0.0,7.166666666666667,7.16,72.88,0.0,0.0,0.1016949152542373
SJ Swanepoel (NAM),2003-2003,5,0.0,8.6,8.60,45.74,0.0,0.0,0.0425531914893617
RML Taylor (SCOT),2013-2014,5,0.2,8.4,10.50,93.33,0.0,0.0,0.06666666666666667
TR Gripper (ZIM),2001-2001,5,0.0,8.2,8.20,35.65,0.0,0.0,0.008695652173913044
SP Heaney (CAN),2006-2006,4,0.0,10.25,10.25,44.56,0.0,0.0,0.05434782608695652
ML Patel (KENYA),2006-2006,2,0.0,20.0,20.00,42.55,0.0,0.0,0.031914893617021274
AR White (IRE),2006-2006,1,0.0,40.0,40.00,93.02,0.0,0.0,0.11627906976744186
SS Das (INDIA),2001-2002,4,0.25,9.75,13.00,50.64,0.0,0.0,0.03896103896103896
KHRK Fernando (SL),2002-2002,2,1.0,19.5,-,82.97,0.0,0.0,0.10638297872340426
LM Jongwe (ZIM),2015-2015,1,0.0,39.0,39.00,76.47,0.0,0.0,0.09803921568627451
TN Madondo (ZIM),2001-2001,5,0.0,7.4,7.40,56.06,0.0,0.0,0.045454545454545456
JA Morkel (Afr/SA),2004-2007,5,0.0,7.4,7.40,56.92,0.0,0.0,0.06153846153846154
B Zuiderent (NL),2002-2003,7,0.0,5.285714285714286,5.28,37.75,0.0,0.0,0.030612244897959183
DI Allan (KENYA),2012-2013,3,0.0,12.0,12.00,44.44,0.0,0.0,0.04938271604938271
U Bhatti (CAN),2006-2006,2,0.5,18.0,36.00,83.72,0.0,0.0,0.11627906976744186
C de Grandhomme (NZ),2012-2012,1,0.0,36.0,36.00,100.00,0.0,0.0,0.1111111111111111
TK Musakanda (ZIM),2016-2016,1,0.0,36.0,36.00,97.29,0.0,0.0,0.10810810810810811
JO Troughton (ENG),2003-2003,5,0.2,7.2,9.00,47.36,0.0,0.0,0.06578947368421052
Faisal Hossain (BDESH),2004-2004,4,0.0,8.75,8.75,42.68,0.0,0.0,0.04878048780487805
MWA van Nierop (NL),2006-2006,2,0.5,17.5,35.00,71.42,0.0,0.0,0.10204081632653061
KDK Vithanage (SL),2013-2014,4,0.0,8.75,8.75,63.63,0.0,0.0,0.09090909090909091
KM Dabengwa (ZIM),2005-2006,4,0.25,8.25,11.00,49.25,0.0,0.0,0.029850746268656716
T Gibbons (BMUDA),2006-2006,2,0.0,16.5,16.50,33.67,0.0,0.0,0.030612244897959183
VD Philander (SA),2007-2008,3,0.3333333333333333,11.0,16.50,97.05,0.0,0.0,0.11764705882352941
Sami Aslam (PAK),2016-2016,3,0.0,11.0,11.00,49.25,0.0,0.0,0.029850746268656716
TGJ Gruijters (NL),2011-2011,1,0.0,32.0,32.00,61.53,0.0,0.0,0.07692307692307693
MC Henriques (AUS),2009-2013,5,0.2,6.4,8.00,61.53,0.0,0.0,0.0
SP Terry (IRE),2016-2016,5,0.0,6.4,6.40,47.76,0.0,0.0,0.04477611940298507
MH Yardy (ENG),2006-2006,4,0.25,7.5,10.00,38.46,0.0,0.0,0.0
JD Hall (IRE),2010-2010,3,0.0,9.333333333333334,9.33,37.33,0.0,0.0,0.04
YK Pathan (INDIA),2008-2008,4,0.0,7.0,7.00,65.11,0.0,0.0,0.09302325581395349
KD Shah (HKG),2016-2016,4,0.0,6.75,6.75,44.26,0.0,0.0,0.06557377049180328
JE Taylor (WI),2006-2010,2,0.0,13.5,13.50,142.10,0.0,0.0,0.2631578947368421
Mohammad Mithun (BDESH),2014-2014,1,0.0,26.0,26.00,66.66,0.0,0.0,0.1282051282051282
Zain Abbas (HKG),2008-2008,1,1.0,26.0,-,48.14,0.0,0.0,0.037037037037037035
CS Baugh (WI),2006-2006,2,0.5,12.5,25.00,92.59,0.0,0.0,0.07407407407407407
M Vijay (INDIA),2010-2010,1,0.0,25.0,25.00,156.25,0.0,0.0,0.3125
AN French (HKG),2004-2004,2,0.0,12.0,12.00,28.57,0.0,0.0,0.011904761904761904
TMK Mawoyo (ZIM),2006-2006,2,0.0,12.0,12.00,42.85,0.0,0.0,0.017857142857142856
RW Sims (ZIM),2003-2003,1,0.0,24.0,24.00,40.00,0.0,0.0,0.03333333333333333
SHT Kandamby (SL),2004-2004,4,0.0,5.75,5.75,46.93,0.0,0.0,0.04081632653061224
SJ Massiah (USA),2004-2004,2,0.0,11.5,11.50,52.27,0.0,0.0,0.06818181818181818
DL Vettori (NZ),2003-2003,2,0.0,11.5,11.50,67.64,0.0,0.0,0.08823529411764706
Shabir Noori (AFG),2012-2016,2,0.0,11.0,11.00,51.16,0.0,0.0,0.06976744186046512
DNT Zoysa (SL),2001-2004,2,0.0,11.0,11.00,84.61,0.0,0.0,0.07692307692307693
S Randiv (SL),2010-2010,2,0.0,10.5,10.50,53.84,0.0,0.0,0.02564102564102564
S Keshvani (CAN),2009-2009,2,0.0,10.5,10.50,55.26,0.0,0.0,0.0
Mirwais Ashraf (AFG),2010-2013,2,0.0,10.5,10.50,95.45,0.0,0.0,0.09090909090909091
Karim Sadiq (AFG),2009-2009,1,0.0,20.0,20.00,90.90,0.0,0.0,0.13636363636363635
RS Morton (WI),2002-2002,2,0.0,9.5,9.50,46.34,0.0,0.0,0.04878048780487805
Rohan Mustafa (UAE),2014-2014,1,0.0,18.0,18.00,51.42,0.0,0.0,0.02857142857142857
G Goudie (SCOT),2012-2012,1,0.0,17.0,17.00,154.54,0.0,0.0,0.2727272727272727
RJ Robinson (BMUDA),2007-2007,1,0.0,17.0,17.00,73.91,0.0,0.0,0.08695652173913043
TP Ura (PNG),2014-2014,2,0.0,8.5,8.50,43.58,0.0,0.0,0.02564102564102564
MN van Wyk (SA),2003-2003,1,0.0,17.0,17.00,85.00,0.0,0.0,0.1
C Zhuwao (ZIM),2008-2008,1,0.0,16.0,16.00,80.00,0.0,0.0,0.15
BP Kruger (NL),2010-2010,1,0.0,15.0,15.00,71.42,0.0,0.0,0.09523809523809523
HD Rutherford (NZ),2013-2013,4,0.0,3.75,3.75,26.78,0.0,0.0,0.03571428571428571
LW Stokkers (NL),2008-2008,1,1.0,15.0,-,37.50,0.0,0.0,0.0
AG Prince (SA),2002-2002,1,1.0,14.0,-,48.27,0.0,0.0,0.034482758620689655
Gurkeerat Singh (INDIA),2016-2016,3,0.3333333333333333,4.333333333333333,6.50,100.00,0.0,0.0,0.15384615384615385
BJ Haddin (AUS),2001-2001,1,0.0,13.0,13.00,118.18,0.0,0.0,0.18181818181818182
CA Pujara (INDIA),2013-2013,2,0.0,6.5,6.50,46.42,0.0,0.0,0.07142857142857142
Usman Salahuddin (PAK),2011-2011,2,0.0,6.5,6.50,46.42,0.0,0.0,0.0
Asim Saeed (UAE),2004-2004,1,0.0,12.0,12.00,70.58,0.0,0.0,0.11764705882352941
AR McBrine (IRE),2014-2016,1,0.0,12.0,12.00,57.14,0.0,0.0,0.047619047619047616
Naeemuddin Aslam (UAE),2004-2004,2,0.0,6.0,6.00,38.70,0.0,0.0,0.0
RE van der Merwe (SA),2009-2010,1,0.0,12.0,12.00,109.09,0.0,0.0,0.18181818181818182
J Blackwood (WI),2015-2015,2,0.0,5.5,5.50,47.82,0.0,0.0,0.043478260869565216
GB Brent (ZIM),2001-2001,1,0.0,11.0,11.00,64.70,0.0,0.0,0.058823529411764705
LJ Burger (NAM),2003-2003,6,0.16666666666666666,1.8333333333333333,2.20,17.74,0.0,0.0,0.016129032258064516
AL Phehlukwayo (SA),2016-2016,1,0.0,11.0,11.00,122.22,0.0,0.0,0.1111111111111111
Suhrawadi Shuvo (BDESH),2010-2010,1,0.0,11.0,11.00,61.11,0.0,0.0,0.05555555555555555
TR Ambrose (ENG),2008-2008,4,0.25,2.25,3.00,32.14,0.0,0.0,0.0
PG Fulton (NZ),2004-2004,1,0.0,9.0,9.00,90.00,0.0,0.0,0.2
Mohammad Sami (PAK),2004-2004,1,1.0,9.0,-,300.00,0.0,0.0,0.3333333333333333
Sohail Tanvir (PAK),2007-2008,2,0.5,4.5,9.00,128.57,0.0,0.0,0.14285714285714285
VB van Jaarsveld (SA),2009-2009,2,0.0,4.5,4.50,60.00,0.0,0.0,0.0
Iftikhar Ahmed (PAK),2015-2015,2,0.0,4.0,4.00,25.80,0.0,0.0,0.03225806451612903
JPR Lamsam (HKG),2004-2004,1,0.0,8.0,8.00,47.05,0.0,0.0,0.058823529411764705
B Lee (AUS),2001-2002,2,0.5,4.0,8.00,88.88,0.0,0.0,0.1111111111111111
MV Nagamootoo (WI),2001-2001,2,0.0,4.0,4.00,100.00,0.0,0.0,0.125
Skhawat Ali (HKG),2008-2008,2,0.0,4.0,4.00,34.78,0.0,0.0,0.043478260869565216
V Shetty (UAE),2008-2008,1,0.0,7.0,7.00,41.17,0.0,0.0,0.0
JK Kamande (KENYA),2002-2002,2,0.0,3.0,3.00,13.33,0.0,0.0,0.022222222222222223
RD McCann (IRE),2010-2010,1,0.0,6.0,6.00,17.14,0.0,0.0,0.0
AR Pitcher (BMUDA),2006-2006,3,0.0,2.0,2.00,17.14,0.0,0.0,0.0
TT Samaraweera (SL),2001-2002,2,0.0,3.0,3.00,31.57,0.0,0.0,0.0
Mansoor Amjad (PAK),2008-2008,1,0.0,5.0,5.00,50.00,0.0,0.0,0.0
D Soraine (CAN),2006-2006,1,0.0,5.0,5.00,83.33,0.0,0.0,0.0
Harbhajan Singh (INDIA),2001-2005,2,0.0,1.5,1.50,23.07,0.0,0.0,0.0
TJ Heggelman (NL),2010-2010,2,0.0,1.5,1.50,17.64,0.0,0.0,0.0
CK Kruger (HKG),2008-2008,2,0.0,1.5,1.50,15.00,0.0,0.0,0.0
Mazharul Haque (BDESH),2002-2002,1,0.0,3.0,3.00,16.66,0.0,0.0,0.0
AO Suji (KENYA),2001-2001,1,0.0,3.0,3.00,33.33,0.0,0.0,0.0
Ahmed Shah (AFG),2009-2009,1,0.0,2.0,2.00,20.00,0.0,0.0,0.0
Bilawal Bhatti (PAK),2013-2013,2,0.5,1.0,2.00,20.00,0.0,0.0,0.0
SCJ Broad (ENG),2009-2009,1,0.0,2.0,2.00,40.00,0.0,0.0,0.0
JEC Franklin (NZ),2005-2006,1,0.0,2.0,2.00,50.00,0.0,0.0,0.0
JN Mohammed (WI),2011-2011,1,0.0,2.0,2.00,9.52,0.0,0.0,0.0
GMC Mol (NL),2008-2008,1,1.0,2.0,-,40.00,0.0,0.0,0.0
HJC Mol (NL),2002-2003,2,0.0,1.0,1.00,6.45,0.0,0.0,0.0
TV Mufambisi (ZIM),2007-2007,1,0.0,2.0,2.00,100.00,0.0,0.0,0.0
ACL Richards (WI),2007-2007,1,0.0,2.0,2.00,100.00,0.0,0.0,0.0
JNK Shannon (IRE),2013-2013,1,0.0,2.0,2.00,25.00,0.0,0.0,0.0
TG Southee (NZ),2012-2012,1,0.0,2.0,2.00,66.66,0.0,0.0,0.0
Tanbir Hayder (BDESH),2016-2016,1,0.0,2.0,2.00,40.00,0.0,0.0,0.0
AR Adams (NZ),2001-2001,1,0.0,1.0,1.00,11.11,0.0,0.0,0.0
Joginder Sharma (INDIA),2007-2007,1,0.0,1.0,1.00,16.66,0.0,0.0,0.0
AK Perera (SL),2013-2013,1,0.0,1.0,1.00,20.00,0.0,0.0,0.0
RR Ramdass (WI),2005-2005,1,0.0,1.0,1.00,11.11,0.0,0.0,0.0
SM Sharif (SCOT),2011-2011,1,1.0,1.0,-,33.33,0.0,0.0,0.0
RG Aga (KENYA),2004-2004,1,0.0,0.0,0.00,0.00,0.0,0.0,0.0
Azhar Mahmood (PAK),2001-2001,1,0.0,0.0,0.00,0.00,0.0,0.0,0.0
M Cheruparambil (HKG),2004-2004,1,0.0,0.0,0.00,0.00,0.0,0.0,0.0
R Flannigan (SCOT),2010-2010,1,0.0,0.0,0.00,0.00,0.0,0.0,0.0
HAPW Jayawardene (SL),2003-2003,1,0.0,0.0,0.00,0.00,0.0,0.0,0.0
DI Joyce (IRE),2006-2006,1,0.0,0.0,0.00,0.00,0.0,0.0,0.0
