id,Player,Span,Years,Inns,R/I,HS,Avrg,SR,100/I,50/I,6+4/BF,Class
0,V Kohli (INDIA),2009-2012,3,82,45.45121951,183,53.24,87.54,0.158536585,0.243902439,0.085506225,NA
1,Yuvraj Singh (INDIA),2002-2005,3,99,29.68686869,139,34.57,85.48,0.050505051,0.181818182,0.099185573,NA
2,Q de Kock (SA),2013-2016,3,69,41.30434783,178,43.84,94.55,0.15942029,0.115942029,0.123092236,NA
3,Shoaib Malik (PAK),2002-2005,3,81,30.79012346,143,34.16,78.79,0.049382716,0.197530864,0.073301738,NA
4,Shakib Al Hasan (BDESH),2007-2011,4,83,27.18072289,108,30.9,79.74,0.048192771,0.180722892,0.07670555,NA
5,WU Tharanga (Asia/SL),2005-2009,4,73,29.83561644,120,30.25,70.41,0.082191781,0.123287671,0.085354025,NA
6,Umar Akmal (PAK),2010-2014,4,68,31.25,102,37.94,88.1,0.014705882,0.220588235,0.090381426,NA
7,Salman Butt (PAK),2004-2008,4,54,39.01851852,136,41.31,78.64,0.12962963,0.166666667,0.101530422,NA
8,Tamim Iqbal (BDESH),2009-2012,3,65,32.18461538,154,32.68,88.19,0.030769231,0.246153846,0.108768971,NA
9,Mohammad Ashraful (Asia/BDESH),2004-2008,4,88,23.48863636,109,26.16,73.97,0.022727273,0.125,0.081245526,NA
10,AB de Villiers (Afr/SA),2005-2008,3,62,32.87096774,146,36.39,86.02,0.048387097,0.193548387,0.113550021,NA
11,GC Smith (SA),2002-2005,3,56,35.64285714,99,36.96,73.84,0,0.267857143,0.086940437,NA
12,SK Raina (INDIA),2007-2010,3,60,32.1,116,40.97,97.27,0.05,0.216666667,0.107575758,NA
13,RR Sarwan (WI),2001-2004,3,57,33.63157895,104,46.75,78.75,0.035087719,0.157894737,0.073130649,NA
14,Shahriar Nafees (BDESH),2005-2008,3,60,30.95,123,33.76,69.68,0.066666667,0.166666667,0.089681051,NA
15,BRM Taylor (ZIM),2006-2009,3,62,29.59677419,118,34.62,72.27,0.016129032,0.193548387,0.067743206,NA
16,E Chigumbura (Afr/ZIM),2006-2010,4,78,22.70512821,79,24.94,81.5,0,0.128205128,0.08697653,NA
17,KS Williamson (NZ),2010-2014,4,49,34.67346939,145,39.51,79.06,0.06122449,0.224489796,0.067938576,NA
18,LD Chandimal (SL),2010-2013,3,61,25.39344262,111,30.37,73.2,0.032786885,0.147540984,0.064744802,NA
19,EJG Morgan (ENG/IRE),2007-2010,3,49,30.08163265,115,37.79,80.1,0.06122449,0.163265306,0.091304348,NA
20,Mushfiqur Rahim (BDESH),2007-2011,4,68,19.83823529,98,23.66,69,0,0.088235294,0.061892583,NA
21,Raqibul Hasan (BDESH),2008-2011,3,54,24.22222222,89,27.82,61.32,0,0.148148148,0.051570558,NA
22,RG Sharma (INDIA),2007-2011,4,57,21.89473684,114,27.13,75.72,0.035087719,0.087719298,0.061893204,NA
23,CK Kapugedera (SL),2007-2011,4,57,21.73684211,95,24.29,71.24,0,0.105263158,0.061529615,NA
24,MN Samuels (WI),2001-2005,4,45,27.42222222,108,33.35,77.85,0.022222222,0.177777778,0.092113565,NA
25,V Sibanda (Afr/ZIM),2003-2007,4,53,22.98113208,116,23.88,61.95,0.018867925,0.150943396,0.077314344,NA
26,Junaid Siddique (BDESH),2007-2011,4,53,22.56603774,100,23,68.22,0.018867925,0.113207547,0.071306332,NA
27,DD Ebrahim (ZIM),2001-2004,3,63,18.46031746,121,19.71,57.34,0.015873016,0.031746032,0.043392505,NA
28,S Matsikenyeri (ZIM),2003-2007,4,58,19.84482759,89,21.31,65.99,0,0.086206897,0.075688073,NA
29,IK Pathan (INDIA),2004-2008,4,58,19.84482759,83,24.48,78.78,0,0.086206897,0.095824778,NA
30,Nasir Hossain (BDESH),2011-2015,4,40,27.525,100,32.38,80.71,0.025,0.1,0.081378299,NA
31,DM Bravo (WI),2009-2013,4,44,24.95454545,86,28.89,67.69,0,0.159090909,0.069667078,NA
32,PR Stirling (IRE),2010-2014,4,29,36.44827586,177,36.44,104.44,0.172413793,0.034482759,0.147233202,NA
33,DJ Bravo (WI),2004-2007,3,55,18.03636364,112,24.19,79.1,0.018181818,0.036363636,0.074162679,NA
34,HDRL Thirimanne (SL),2010-2013,3,38,26.05263158,102,29.11,67.71,0.026315789,0.157894737,0.051983584,NA
35,AA Obanda (KENYA),2008-2011,3,34,27.73529412,96,28.57,73.84,0,0.176470588,0.094753328,NA
36,SC Williams (ZIM),2006-2009,3,36,25.80555556,75,30.96,72.46,0,0.277777778,0.059282371,NA
37,RA Jadeja (INDIA),2009-2012,3,40,21.5,78,28.66,78.61,0,0.125,0.066727605,NA
38,BB McCullum (NZ),2002-2005,3,51,16.68627451,56,22.39,71.51,0,0.058823529,0.072268908,NA
39,TWM Latham (NZ),2012-2016,4,34,24.64705882,110,28.89,73.83,0.029411765,0.117647059,0.07753304,NA
40,CJ Chibhabha (ZIM),2006-2010,4,41,20.17073171,73,20.17,58.69,0,0.146341463,0.048970901,NA
41,AD Mathews (SL),2008-2011,3,32,24.875,77,34.6,85.13,0,0.1875,0.068449198,NA
42,DR Smith (WI),2004-2007,3,52,14.76923077,68,15.36,101.58,0,0.038461538,0.12962963,NA
43,KOA Powell (WI),2011-2014,3,26,29.5,83,29.5,81.85,0,0.269230769,0.108858058,NA
44,Imran Farhat (PAK),2003-2006,3,22,34.54545455,107,36.19,72.58,0.045454545,0.181818182,0.093600764,NA
45,Mahmudullah (BDESH),2007-2010,3,33,22.90909091,64,34.36,71.93,0,0.121212121,0.057088487,NA
46,Kamran Akmal (PAK),2002-2005,3,28,26.28571429,124,32,91.65,0.107142857,0,0.113325031,NA
47,KA Pollard (WI),2008-2011,3,34,21.05882353,94,21.05,104.22,0,0.088235294,0.113537118,NA
48,H Masakadza (ZIM),2004-2007,3,36,19.33333333,75,20.47,64.44,0,0.138888889,0.060185185,NA
49,MF Maharoof (SL),2004-2008,4,47,14.59574468,69,19.6,84.06,0,0.042553191,0.094362745,NA
50,Mashrafe Mortaza (Asia/BDESH),2004-2007,3,42,15.5952381,51,19.26,98.34,0,0.023809524,0.115615616,NA
51,JP Duminy (SA),2004-2008,4,24,25.75,79,36.35,73.3,0,0.125,0.06168446,NA
52,D Ramdin (WI),2005-2009,4,43,13.81395349,74,19.8,79.41,0,0.046511628,0.072192513,NA
53,Mominul Haque (BDESH),2012-2015,3,24,22.625,60,23.6,74.58,0,0.125,0.082417582,NA
54,RR Patel (KENYA),2009-2013,4,26,20.26923077,92,23.95,65.3,0,0.076923077,0.071871128,NA
55,P Utseya (ZIM),2005-2009,4,53,9.679245283,68,14.25,53.21,0,0.037735849,0.037344398,NA
56,TJ Friend (ZIM),2001-2004,3,32,15.96875,91,17.03,78.37,0,0.09375,0.090490798,NA
57,NLTC Perera (SL),2009-2013,4,39,12.97435897,69,15.81,110.48,0,0.025641026,0.120087336,NA
58,Javed Ahmadi (AFG),2012-2015,3,18,27.16666667,81,27.16,88.42,0,0.277777778,0.122965642,NA
59,BG Rogers (ZIM),2002-2005,3,15,31.86666667,84,31.86,69.37,0,0.333333333,0.089985486,NA
60,Taufeeq Umar (PAK),2001-2005,4,19,23.52631579,81,24.83,57.45,0,0.157894737,0.061696658,NA
61,Rahmat Shah (AFG),2013-2016,3,13,30.92307692,100,33.5,65.79,0.076923077,0.076923077,0.049099836,NA
62,DA Miller (SA),2010-2013,3,18,21.27777778,67,29.46,101.05,0,0.166666667,0.09762533,NA
63,SPD Smith (AUS),2010-2013,3,22,17.27272727,46,21.11,86.75,0,0,0.068493151,NA
64,Noor Ali Zadran (AFG),2009-2012,3,14,26.5,114,28.53,70.66,0.071428571,0.071428571,0.068571429,NA
65,SR Watson (AUS),2002-2005,3,20,17.05,77,31,68.06,0,0.05,0.045908184,NA
66,SCJ Broad (ENG),2006-2010,4,37,9.135135135,45,14.69,74.12,0,0,0.057017544,NA
67,T Mishra (KENYA),2007-2010,3,11,27.81818182,66,34,78.86,0,0.181818182,0.072164948,NA
68,BA Stokes (ENG),2011-2014,3,19,14.84210526,70,15.66,75.8,0,0.052631579,0.069892473,NA
69,R Gunasekera (CAN),2011-2014,3,11,24.36363636,72,24.36,69.25,0,0.363636364,0.07751938,NA
70,Tapash Baisya (BDESH),2003-2006,3,30,8.166666667,33,11.13,57.37,0,0,0.049180328,NA
71,NS Poonia (SCOT),2006-2009,3,21,11.28571429,67,11.28,62.86,0,0.047619048,0.087533156,NA
72,JH Davey (SCOT),2010-2014,4,10,22.6,64,25.11,63.12,0,0.1,0.061452514,NA
73,P Kumar (INDIA),2007-2010,3,24,9.375,54,13.23,85.22,0,0.041666667,0.09469697,NA
74,DLS van Bunge (NL),2003-2006,3,9,24.11111111,62,24.11,61.47,0,0.111111111,0.067988669,NA
75,TG Southee (NZ),2008-2012,4,31,6.709677419,32,10.94,88.51,0,0,0.080851064,NA
76,HS Baidwan (CAN),2008-2011,3,16,12.5625,33,22.33,67,0,0,0.04,NA
77,CK Coventry (ZIM),2003-2006,3,10,19.9,74,19.9,85.77,0,0.1,0.112068966,NA
78,Mohammad Sami (PAK),2001-2004,3,33,5.909090909,23,13,61.9,0,0,0.038095238,NA
79,WD Parnell (SA),2009-2012,3,13,14,49,18.2,74.89,0,0,0.065843621,NA
80,RW Chakabva (ZIM),2008-2011,3,10,17.6,45,19.55,59.45,0,0,0.054054054,NA
81,KS Lokuarachchi (SL),2003-2006,3,13,13.38461538,69,15.81,78.02,0,0.076923077,0.049327354,NA
82,ML Nkala (ZIM),2001-2005,4,19,9.105263158,47,11.53,58.44,0,0,0.050675676,NA
83,Umar Amin (PAK),2010-2013,3,9,19.22222222,59,21.62,77.57,0,0.111111111,0.076233184,NA
84,Usman Limbada (CAN),2010-2013,3,10,17,50,18.88,68.82,0,0.1,0.076923077,NA
85,CS MacLeod (SCOT),2009-2012,3,7,24.14285714,99,28.16,72.53,0,0.142857143,0.064377682,NA
86,Gulbadin Naib (AFG),2011-2015,4,12,12.66666667,31,15.2,90.47,0,0,0.113095238,NA
87,CS Baugh (WI),2003-2006,3,11,13.27272727,29,24.33,81.56,0,0,0.094972067,NA
88,KAJ Roach (WI),2008-2012,4,25,5.52,24,11.5,48.59,0,0,0.042253521,NA
89,T Mupariwa (ZIM),2006-2009,3,21,6.523809524,33,9.78,52.69,0,0,0.042307692,NA
90,AF Milne (NZ),2012-2016,4,12,10.83333333,36,21.66,98.48,0,0,0.083333333,NA
91,MA Starc (AUS),2010-2013,3,7,17.42857143,52,40.66,100.82,0,0.142857143,0.115702479,NA
92,JEC Franklin (NZ),2001-2004,3,16,7.25,25,8.92,55.23,0,0,0.047619048,NA
93,Hamza Tariq (CAN),2011-2014,3,7,16.57142857,71,16.57,73.88,0,0.142857143,0.108280255,NA
94,L Balaji (INDIA),2002-2005,3,15,7.533333333,21,12.55,79.57,0,0,0.070422535,NA
95,GH Dockrell (IRE),2013-2016,3,15,7.533333333,25,16.14,67.26,0,0,0.047619048,NA
96,Shafiul Islam (BDESH),2010-2013,3,27,4.037037037,24,5.73,55.89,0,0,0.066666667,NA
97,RO Hinds (WI),2001-2004,3,9,11.22222222,18,16.83,59.41,0,0,0.064705882,NA
98,RP Singh (INDIA),2006-2009,3,17,5.470588235,23,9.3,40.08,0,0,0.021551724,NA
99,PM Seelaar (NL),2007-2011,4,16,5.6875,34,11.37,55.15,0,0,0.060606061,NA
100,Mirwais Ashraf (AFG),2009-2012,3,8,10.375,17,11.85,64.84,0,0,0.0625,NA
101,SM Sharif (SCOT),2011-2015,4,8,10.125,26,20.25,75,0,0,0.074074074,NA
102,SL Malinga (SL),2004-2007,3,17,4.117647059,15,7.77,65.42,0,0,0.046728972,NA
103,Shahadat Hossain (BDESH),2006-2010,4,21,3.333333333,16,7.77,55.11,0,0,0.062992126,NA
104,JM Anderson (ENG),2002-2006,4,19,3.631578947,12,6.9,36.5,0,0,0.021164021,NA
105,Syed Rasel (BDESH),2005-2008,3,18,3.111111111,15,4.66,40.28,0,0,0.035971223,NA
106,Rubel Hossain (BDESH),2010-2013,3,18,2.388888889,15,5.37,56.57,0,0,0.065789474,NA
107,MBS Jonkman (NL),2006-2010,4,6,6.833333333,15,10.25,78.84,0,0,0.096153846,NA
108,G Goudie (SCOT),2008-2011,3,9,4.444444444,17,6.66,63.49,0,0,0.063492063,NA
109,E Otieno (KENYA),2008-2011,3,15,2.666666667,11,4.44,33.61,0,0,0.025210084,NA
110,JL Pattinson (AUS),2011-2014,3,7,5.714285714,13,10,55.55,0,0,0.027777778,NA
111,N M'shangwe (ZIM),2011-2014,3,6,6.333333333,16,7.6,84.44,0,0,0.111111111,NA
112,Joginder Sharma (INDIA),2004-2007,3,3,11.66666667,29,35,116.66,0,0,0.166666667,NA
113,I Sharma (INDIA),2008-2011,3,10,3.4,13,4.25,33.33,0,0,0.029411765,NA
114,Sarfraz Ahmed (PAK),2007-2010,3,3,10.66666667,19,10.66,54.23,0,0,0.016949153,NA
115,KM Jarvis (ZIM),2009-2012,3,10,2.9,13,4.83,37.66,0,0,0.025974026,NA
116,KMDN Kulasekara (SL),2003-2006,3,8,2.375,11,4.75,24.35,0,0,0,NA
117,DJG Sammy (WI),2004-2007,3,1,18,18,0,138.46,0,0,0.076923077,NA
118,JJC Lawson (WI),2002-2005,3,4,3.75,8,7.5,100,0,0,0.133333333,NA
119,CB Mpofu (ZIM),2006-2009,3,16,0.875,4,1.75,21.87,0,0,0.015625,NA
120,Nazmul Hossain (BDESH),2008-2011,3,10,0.5,3,1.25,13.88,0,0,0,NA
121,Abul Hasan (BDESH),2012-2015,3,2,2,3,2,44.44,0,0,0,NA
122,Danish Kaneria (PAK),2001-2004,3,5,0.8,3,4,28.57,0,0,0,NA
123,M Zondeki (Afr/SA),2002-2006,4,3,1.333333333,3,4,80,0,0,0,NA
124,CH Gayle (WI),2001-2004,3,82,42.65853659,153,45.42,79.91,0.109756098,0.256097561,0.107836418,NA
125,M Kaif (INDIA),2002-2005,3,90,27.01111111,111,35.23,73.68,0.022222222,0.155555556,0.065474386,NA
126,MJ Clarke (AUS),2003-2006,3,71,32.71830986,105,44.67,86.13,0.028169014,0.225352113,0.083796811,NA
127,Abdul Razzaq (PAK),2001-2004,3,93,24.72043011,112,33.8,86.49,0.021505376,0.107526882,0.089541008,NA
128,Ahmed Shehzad (PAK),2013-2016,3,56,36.30357143,124,36.3,74.06,0.071428571,0.232142857,0.080874317,NA
129,LRPL Taylor (NZ),2006-2009,3,54,32.03703704,128,39.31,83.69,0.055555556,0.185185185,0.095307209,NA
130,Shahid Afridi (PAK),2001-2005,4,71,22.5915493,108,23.94,120.23,0.014084507,0.14084507,0.170914543,NA
131,JC Buttler (ENG),2012-2015,3,52,28.21153846,129,32.6,113.89,0.038461538,0.134615385,0.12810559,NA
132,IR Bell (ENG),2004-2007,3,40,34.4,88,37.18,69.31,0,0.25,0.063476071,NA
133,Imrul Kayes (BDESH),2008-2011,3,48,27.39583333,101,27.97,65.16,0.020833333,0.1875,0.07185332,NA
134,JA Rudolph (Afr/SA),2003-2006,3,39,30.1025641,81,35.57,68.05,0,0.179487179,0.066086957,NA
135,MR Marsh (AUS),2013-2016,3,38,30.34210526,102,37.19,92.38,0.026315789,0.210526316,0.104166667,NA
136,WTS Porterfield (IRE),2006-2009,3,37,31.08108108,112,33.82,65.86,0.108108108,0.108108108,0.068155785,NA
137,Aftab Ahmed (BDESH),2006-2010,4,43,23.1627907,92,24.29,83.48,0,0.162790698,0.104777871,NA
138,T Taibu (Afr/ZIM),2004-2008,4,37,26.54054054,107,28.88,68.76,0.027027027,0.135135135,0.05952381,NA
139,KD Karthik (INDIA),2006-2010,4,34,23.76470588,79,29.92,77.09,0,0.117647059,0.085877863,NA
140,Mohammad Shahzad (AFG),2009-2012,3,21,35.38095238,118,37.15,90.06,0.142857143,0.142857143,0.115151515,NA
141,MW Machan (SCOT),2013-2016,3,22,33.36363636,114,33.36,77.1,0.045454545,0.136363636,0.072478992,NA
142,Naeem Islam (BDESH),2008-2011,3,41,16.36585366,73,24.85,64.08,0,0.048780488,0.063037249,NA
143,GC Wilson (IRE),2007-2010,3,24,25.29166667,113,27.59,72.26,0.041666667,0.166666667,0.08452381,NA
144,MA Ouma (KENYA),2004-2007,3,31,19.38709677,58,20.03,59.74,0,0.096774194,0.070576541,NA
145,JO Holder (WI),2013-2016,3,33,16.21212121,57,22.29,93.69,0,0.060606061,0.112084063,NA
146,Fawad Alam (PAK),2007-2010,3,20,24,64,40,73.05,0,0.15,0.04109589,NA
147,LJ Wright (ENG),2007-2010,3,22,21.22727273,52,23.35,102.41,0,0.090909091,0.131578947,NA
148,Asghar Stanikzai (AFG),2009-2012,3,21,22.0952381,66,25.77,56.44,0,0.142857143,0.0486618,NA
149,G Gambhir (INDIA),2003-2006,3,16,25.5625,103,25.56,75.88,0.0625,0.0625,0.116883117,NA
150,Harbhajan Singh (INDIA),2001-2005,4,44,9.068181818,41,12.09,78.69,0,0,0.08678501,NA
151,RD Berrington (SCOT),2008-2011,3,18,21.5,84,22.76,81.3,0,0.166666667,0.079831933,NA
152,Alok Kapali (BDESH),2005-2008,3,20,17.8,115,18.73,78.24,0.05,0.05,0.079120879,NA
153,A Bagai (CAN),2003-2007,4,19,18.73684211,64,22.25,55.53,0,0.157894737,0.060842434,NA
154,DL Vettori (NZ),2001-2004,3,44,7.75,30,11.36,69.73,0,0,0.051124744,NA
155,TT Bresnan (ENG),2006-2009,3,14,18.07142857,80,31.62,95.47,0,0.071428571,0.113207547,NA
156,CO Obuya (KENYA),2002-2006,4,17,14.82352941,45,15.75,58.19,0,0,0.03926097,NA
157,LMP Simmons (WI),2006-2009,3,14,17.71428571,70,20.66,57.8,0,0.142857143,0.065268065,NA
158,CL White (AUS),2005-2008,3,12,17.08333333,45,25.62,112.63,0,0,0.10989011,NA
159,AD Poynter (IRE),2008-2011,3,12,16.66666667,78,22.22,67.34,0,0.166666667,0.067340067,NA
160,JWA Taylor (ENG),2011-2014,3,6,32.66666667,90,32.66,73.96,0,0.333333333,0.067924528,NA
161,Abdur Razzak (BDESH),2004-2007,3,29,6.206896552,21,12.85,72.28,0,0,0.060240964,NA
162,JE Taylor (WI),2006-2009,3,25,7.04,43,9.77,86.69,0,0,0.098522167,NA
163,LE Plunkett (ENG),2006-2010,4,17,9.705882353,29,20.62,97.63,0,0,0.071005917,NA
164,TC Bastiampillai (CAN),2007-2010,3,11,14.81818182,49,14.81,63.42,0,0,0.105058366,NA
165,B Kumar (INDIA),2012-2015,3,22,7.318181818,31,9.47,80.5,0,0,0.085,NA
166,Faisal Iqbal (PAK),2003-2006,3,9,16.33333333,32,16.33,50,0,0,0.037414966,NA
167,J Mubarak (SL),2002-2006,4,9,16.33333333,53,16.33,58.8,0,0.111111111,0.068,NA
168,R Clarke (ENG),2003-2006,3,13,11.07692308,39,11.07,62.06,0,0,0.056034483,NA
169,KD Mills (NZ),2001-2004,3,18,7.222222222,23,11.81,48.68,0,0,0.037453184,NA
170,HA Varaiya (KENYA),2006-2009,3,20,6.5,34,13,47.44,0,0,0.02189781,NA
171,Umar Gul (PAK),2006-2009,3,18,6.166666667,27,10.09,70.7,0,0,0.082802548,NA
172,RT Lyons (SCOT),2006-2009,3,10,8.6,28,28.66,61.42,0,0,0.057142857,NA
173,DT Hondo (ZIM),2001-2004,3,22,3.863636364,15,7.08,44.27,0,0,0.057291667,NA
174,CRD Fernando (SL),2001-2004,3,24,3.375,13,7.36,52.59,0,0,0.045454545,NA
175,SO Ngoche (KENYA),2010-2014,4,11,6.181818182,28,8.5,57.62,0,0,0.042372881,NA
176,A Nehra (INDIA),2001-2004,3,16,3.8125,24,10.16,72.61,0,0,0.095238095,NA
177,NM Odhiambo (KENYA),2010-2013,3,5,11,29,11,48.67,0,0,0.026548673,NA
178,BV Vitori (ZIM),2011-2014,3,9,6.111111111,20,7.85,91.66,0,0,0.133333333,NA
179,Junaid Khan (PAK),2011-2014,3,20,2.55,25,5.1,51,0,0,0.04,NA
180,Hammad Azam (PAK),2012-2015,3,3,12.66666667,30,12.66,70.37,0,0,0.074074074,NA
181,KW Richardson (AUS),2013-2016,3,4,7.5,19,15,157.89,0,0,0.210526316,NA
182,S Sreesanth (INDIA),2005-2008,3,13,2.230769231,10,4.14,34.52,0,0,0.011904762,NA
183,DAJ Bracewell (NZ),2011-2015,4,5,5.4,13,6.75,56.25,0,0,0.020833333,NA
184,EC Rainsford (ZIM),2006-2009,3,16,1.6875,9,5.4,29.34,0,0,0,NA
185,MMA Jonkman (NL),2007-2010,3,2,10,13,10,39.21,0,0,0.039215686,NA
186,Shapoor Zadran (AFG),2009-2012,3,10,2,17,4,40.81,0,0,0.06122449,NA
187,FH Edwards (WI),2003-2006,3,8,2.25,4,6,32.72,0,0,0,NA
188,AS Luseno (KENYA),2003-2006,3,5,3.4,8,17,85,0,0,0.1,NA
189,JE Root (ENG),2013-2016,3,73,41.32876712,125,45.71,85.51,0.109589041,0.232876712,0.077097506,NA
190,V Sehwag (INDIA),2001-2004,3,98,30.48979592,130,32.47,94.73,0.06122449,0.142857143,0.145529486,NA
191,MS Dhoni (Asia/INDIA),2004-2007,3,68,33.85294118,183,46.97,98.75,0.044117647,0.191176471,0.111969112,NA
192,MJ Guptill (NZ),2009-2012,3,63,34.14285714,122,37.73,80.62,0.031746032,0.26984127,0.094452774,NA
193,MDKJ Perera (SL),2013-2016,3,56,26.83928571,135,28.35,91.59,0.053571429,0.125,0.117611213,NA
194,RL Powell (WI),2001-2004,3,62,21.08064516,88,27.22,96.74,0,0.080645161,0.120651369,NA
195,RS Bopara (ENG),2007-2011,4,47,23.59574468,60,28.43,71.82,0,0.085106383,0.069300518,NA
196,Nasir Jamshed (PAK),2012-2015,3,36,29.58333333,112,30.42,69.51,0.083333333,0.111111111,0.074412533,NA
197,C Kieswetter (ENG),2010-2013,3,40,26.35,107,30.11,89.93,0.025,0.125,0.11774744,NA
198,DA Warner (AUS),2009-2012,3,34,30.88235294,163,30.88,81.83,0.058823529,0.147058824,0.092751364,NA
199,CJ Anderson (NZ),2013-2016,3,40,26.175,131,29.91,111.02,0.025,0.1,0.143160127,NA
200,KJ O'Brien (IRE),2006-2009,3,31,28.51612903,142,31.57,78.29,0.032258065,0.129032258,0.081488043,NA
201,JP Faulkner (AUS),2013-2016,3,38,22.97368421,116,39.68,111.77,0.026315789,0.105263158,0.131882202,NA
202,JDP Oram (NZ),2001-2004,3,50,15.72,81,17.86,76.01,0,0.06,0.084139265,NA
203,AN Cook (ENG),2007-2010,3,24,32.41666667,102,32.41,70.09,0.041666667,0.208333333,0.073873874,NA
204,AM Rahane (INDIA),2011-2014,3,27,25.44444444,91,25.44,72.16,0,0.185185185,0.074579832,NA
205,AD Russell (WI),2011-2014,3,28,23.78571429,92,30.27,119.78,0,0.107142857,0.165467626,NA
206,Mohammad Hafeez (PAK),2003-2006,3,35,17.37142857,69,17.88,52.82,0,0.085714286,0.06516073,NA
207,AM Blignaut (ZIM),2001-2004,3,29,16.55172414,63,21.81,111.36,0,0.137931034,0.134570766,NA
208,MJ Prior (ENG),2004-2007,3,22,21.31818182,52,21.31,72.93,0,0.045454545,0.093312597,NA
209,Imran Nazir (PAK),2004-2007,3,17,26.11764706,160,26.11,98.88,0.058823529,0.058823529,0.151447661,NA
210,PL Mommsen (SCOT),2010-2013,3,19,21.47368421,91,24,56.04,0,0.157894737,0.049450549,NA
211,Samiullah Shenwari (AFG),2009-2012,3,16,23.5,82,26.85,62.98,0,0.125,0.060301508,NA
212,DS Smith (WI),2004-2007,3,14,25.57142857,61,29.83,65.8,0,0.071428571,0.073529412,NA
213,CR Woakes (ENG),2011-2015,4,24,14.08333333,41,17.78,78.06,0,0,0.057736721,NA
214,SD Outerbridge (BMUDA),2006-2009,3,23,14.60869565,56,14.6,54.9,0,0.043478261,0.052287582,NA
215,GEF Barnett (CAN),2006-2009,3,16,20.75,77,20.75,61.59,0,0.0625,0.077922078,NA
216,PW Borren (NL),2006-2009,3,20,16.15,96,16.15,94.72,0,0.1,0.099706745,NA
217,NN Odhiambo (KENYA),2006-2009,3,28,11.28571429,66,14.36,76.88,0,0.035714286,0.085158151,NA
218,SP Narine (WI),2011-2014,3,32,8.5,36,10.46,78.61,0,0,0.098265896,NA
219,Z Khan (INDIA),2001-2004,3,39,6.897435897,34,10.76,74.72,0,0,0.086111111,NA
220,U Bhatti (CAN),2006-2009,3,21,11.42857143,46,16,76.43,0,0,0.073248408,NA
221,DNT Zoysa (SL),2001-2004,3,24,9.541666667,47,19.08,106.01,0,0,0.12037037,NA
222,JM Bairstow (ENG),2011-2015,4,9,24.33333333,83,27.37,86.22,0,0.111111111,0.102362205,NA
223,J Botha (Afr/SA),2005-2008,3,14,11.57142857,46,18,86.63,0,0,0.080213904,NA
224,DR Tuffey (NZ),2001-2004,3,35,4.085714286,20,7.94,60.08,0,0,0.058823529,NA
225,R Rampaul (WI),2007-2010,3,15,8.666666667,26,9.28,82.8,0,0,0.101910828,NA
226,TL Chatara (ZIM),2013-2016,3,20,5.25,23,10.5,57.69,0,0,0.06043956,NA
227,M Morkel (Afr/SA),2007-2010,3,10,10.2,25,14.57,94.44,0,0,0.12037037,NA
228,BAW Mendis (SL),2008-2011,3,22,4.5,15,7.61,68.75,0,0,0.048611111,NA
229,Kabir Ali (ENG),2003-2006,3,9,10.33333333,39,15.5,86.11,0,0,0.083333333,NA
230,SI Mahmood (ENG),2004-2007,3,15,5.666666667,22,7.72,84.15,0,0,0.089108911,NA
231,JA Morkel (Afr/SA),2004-2007,3,8,10.625,23,12.14,73.91,0,0,0.086956522,NA
232,Wahab Riaz (PAK),2008-2011,3,15,5.333333333,21,7.27,86.02,0,0,0.096774194,NA
233,ST Finn (ENG),2011-2015,4,21,3.761904762,18,6.58,48.76,0,0,0.043209877,NA
234,MK Tiwary (INDIA),2008-2011,3,5,12.2,24,12.2,66.3,0,0,0.076086957,NA
235,SC Joseph (WI),2001-2004,3,5,11.8,23,14.75,43.38,0,0,0.022058824,NA
236,JL Ontong (Afr/SA),2002-2005,3,9,5.888888889,11,6.62,59.55,0,0,0.056179775,NA
237,TA Boult (NZ),2012-2015,3,10,5.2,21,13,75.36,0,0,0.101449275,NA
238,MM Patel (INDIA),2006-2009,3,15,3.466666667,15,7.42,66.66,0,0,0.076923077,NA
239,RO Hussain (SCOT),2007-2010,3,6,7.833333333,17,9.4,47.95,0,0,0.051020408,NA
240,Hamid Hassan (AFG),2009-2013,4,7,6,17,7,60.86,0,0,0.057971014,NA
241,Dawlat Zadran (AFG),2011-2014,3,9,4.222222222,12,5.42,36.53,0,0,0.038461538,NA
242,Yasir Arafat (PAK),2005-2008,3,4,9.5,27,19,76,0,0,0.1,NA
243,JO Ngoche (KENYA),2010-2013,3,11,3.181818182,21,5,41.17,0,0,0.023529412,NA
244,Mohammad Asif (Asia/PAK),2005-2008,3,11,3,6,5.5,42.85,0,0,0.025974026,NA
245,MC Henriques (AUS),2009-2013,4,5,6.4,12,8,61.53,0,0,0,NA
246,Farhad Reza (BDESH),2008-2011,3,6,5,21,6,34.48,0,0,0.022988506,NA
247,KC Sangakkara (SL),2001-2004,3,98,28.54081633,103,32.9,72.51,0.030612245,0.173469388,0.070780399,NA
248,DPMD Jayawardene (SL),2001-2004,3,90,29.66666667,116,32.96,71.52,0.033333333,0.155555556,0.056790785,NA
249,Younis Khan (PAK),2001-2004,3,87,29.05747126,144,34.16,77.02,0.011494253,0.218390805,0.061243144,NA
250,HH Dippenaar (SA),2001-2004,3,56,37.25,110,44.38,66.15,0.017857143,0.303571429,0.065334602,NA
251,KP Pietersen (ENG/ICC),2004-2007,3,45,45.02222222,116,56.27,91.46,0.111111111,0.311111111,0.105643341,NA
252,A Flintoff (ENG),2001-2004,3,56,32.23214286,123,39.23,94.4,0.053571429,0.196428571,0.115585774,NA
253,GJ Maxwell (AUS),2012-2015,3,50,30.7,102,34.88,126.44,0.02,0.24,0.170510708,NA
254,HJH Marshall (NZ),2003-2006,3,47,26.36170213,101,30.97,72.71,0.021276596,0.234042553,0.053403756,NA
255,L Vincent (NZ),2002-2005,3,52,23.42307692,172,27.06,66.01,0.019230769,0.115384615,0.066666667,NA
256,JD Ryder (NZ),2008-2011,3,30,34.7,107,35.89,90.99,0.066666667,0.166666667,0.121503497,NA
257,J Charles (WI),2012-2015,3,35,29,130,29,84.44,0.057142857,0.114285714,0.116472546,NA
258,TLW Cooper (NL),2010-2013,3,22,44.36363636,101,48.8,70.16,0.045454545,0.363636364,0.061826024,NA
259,JM How (NZ),2005-2008,3,18,39.88888889,139,42.23,72.96,0.055555556,0.333333333,0.088414634,NA
260,TM Odoyo (KENYA),2001-2004,3,30,20.83333333,53,22.32,64.16,0,0.066666667,0.074948665,NA
261,AB Agarkar (INDIA),2001-2004,3,44,13.27272727,95,19.46,88.21,0,0.045454545,0.096676737,NA
262,ES Szwarczynski (NL),2006-2009,3,17,29,65,30.81,69.33,0,0.294117647,0.064697609,NA
263,JDS Neesham (NZ),2013-2016,3,22,21.45454545,74,29.5,91.65,0,0.090909091,0.108737864,NA
264,N Deonarine (WI),2007-2010,3,15,27.93333333,65,34.91,76.04,0,0.266666667,0.072595281,NA
265,RM Haq (SCOT),2006-2009,3,21,18.47619048,71,18.47,66.09,0,0.142857143,0.083475298,NA
266,R Ashwin (INDIA),2010-2013,3,34,11.05882353,38,17.09,83.37,0,0,0.073170732,NA
267,BJ Patel (KENYA),2001-2004,3,18,17.72222222,44,19.93,52.38,0,0,0.073891626,NA
268,SR Patel (ENG),2008-2011,3,13,23.53846154,70,27.81,91.89,0,0.076923077,0.087087087,NA
269,Mudassar Bukhari (NL),2007-2010,3,19,14.89473684,71,16.64,65.35,0,0.105263158,0.073903002,NA
270,Jahurul Islam (BDESH),2010-2013,3,13,20.76923077,53,22.5,72.77,0,0.076923077,0.07277628,NA
271,Sohail Tanvir (PAK),2008-2011,3,19,11.31578947,59,16.53,89.21,0,0.052631579,0.107883817,NA
272,DO Obuya (KENYA),2002-2006,4,21,9.904761905,57,10.94,47.59,0,0.047619048,0.052631579,NA
273,FDM Karunaratne (SL),2011-2015,4,13,14.61538462,60,15.83,68.84,0,0.076923077,0.050724638,NA
274,Iftikhar Anjum (PAK),2004-2007,3,23,7.347826087,32,21.12,58.88,0,0,0.034843206,NA
275,RML Taylor (SCOT),2013-2016,3,14,11,46,14,89.53,0,0,0.081395349,NA
276,SW Masakadza (ZIM),2010-2013,3,8,18.5,45,24.66,100,0,0,0.148648649,NA
277,M Ntini (SA),2001-2004,3,16,7.3125,42,14.62,74.52,0,0,0.089171975,NA
278,RS Morton (WI),2002-2005,3,5,22.8,55,22.8,50.44,0,0.2,0.053097345,NA
279,RJ Peterson (SA),2002-2006,4,10,9.8,36,10.88,66.21,0,0,0.060810811,NA
280,BJ Haddin (AUS),2001-2004,3,7,13.71428571,32,13.71,63.57,0,0,0.072847682,NA
281,MG Johnson (AUS),2005-2008,3,18,5.111111111,24,9.2,73.01,0,0,0.055555556,NA
282,DW Steyn (SA),2007-2010,3,12,6.833333333,35,11.71,102.5,0,0,0.1,NA
283,AC Evans (SCOT),2012-2015,3,7,10,28,23.33,77.77,0,0,0.1,NA
284,CD Collymore (WI),2001-2004,3,19,2.947368421,12,5.09,38.88,0,0,0.013888889,NA
285,SJ Harmison (ENG),2002-2005,3,14,3.857142857,13,10.8,58.69,0,0,0.02173913,NA
286,UT Yadav (INDIA),2011-2014,3,12,3.416666667,17,13.66,67.21,0,0,0.114754098,NA
287,CT Tremlett (ENG),2005-2008,3,6,6.333333333,19,9.5,58.46,0,0,0.046153846,NA
288,VD Philander (SA),2008-2012,4,3,11.66666667,23,17.5,79.54,0,0,0.068181818,NA
