,Player,Span,Years,Inns,NO/I,R/I,Avg,SR,100/I,50/I,6+4/BF,Class
0,V Kohli (INDIA),2009-2012,3,82,0.14634146341463414,45.45121951219512,53.24,87.54,0.15853658536585366,0.24390243902439024,0.08550622504110876,NA
1,Yuvraj Singh (INDIA),2002-2005,3,99,0.1414141414141414,29.686868686868692,34.57,85.48,0.0505050505050505,0.18181818181818185,0.09918557300756252,NA
2,Q de Kock (SA),2013-2016,3,69,0.05797101449275361,41.30434782608695,43.84,94.55,0.15942028985507245,0.11594202898550725,0.12309223623092234,NA
3,Shoaib Malik (PAK),2002-2005,3,81,0.09876543209876544,30.790123456790123,34.16,78.79,0.04938271604938271,0.19753086419753085,0.07330173775671406,NA
4,Shakib Al Hasan (BDESH),2007-2011,4,83,0.12048192771084335,27.180722891566266,30.90,79.74,0.04819277108433735,0.18072289156626506,0.0767055496641923,NA
5,WU Tharanga (Asia/SL),2005-2009,4,73,0.0136986301369863,29.83561643835617,30.25,70.41,0.0821917808219178,0.1232876712328767,0.08535402521823472,NA
6,Umar Akmal (PAK),2010-2014,4,68,0.17647058823529413,31.25,37.94,88.1,0.014705882352941175,0.22058823529411764,0.09038142620232173,NA
7,Salman Butt (PAK),2004-2008,4,54,0.05555555555555555,39.018518518518526,41.31,78.64,0.12962962962962962,0.16666666666666666,0.1015304217991788,NA
8,Tamim Iqbal (BDESH),2009-2012,3,65,0.015384615384615384,32.18461538461539,32.68,88.19,0.030769230769230767,0.24615384615384614,0.1087689713322091,NA
9,Mohammad Ashraful (Asia/BDESH),2004-2008,4,88,0.10227272727272728,23.488636363636363,26.16,73.97,0.022727272727272728,0.125,0.0812455261274159,NA
10,AB de Villiers (Afr/SA),2005-2008,3,62,0.0967741935483871,32.87096774193548,36.39,86.02,0.04838709677419355,0.1935483870967742,0.11355002110595187,NA
11,GC Smith (SA),2002-2005,3,56,0.03571428571428571,35.642857142857146,36.96,73.84,0.0,0.26785714285714285,0.08694043655197928,NA
12,SK Raina (INDIA),2007-2010,3,60,0.21666666666666667,32.1,40.97,97.27,0.05,0.21666666666666667,0.10757575757575756,NA
13,RR Sarwan (WI),2001-2004,3,57,0.2807017543859649,33.631578947368425,46.75,78.75,0.03508771929824561,0.15789473684210525,0.07313064913722267,NA
14,Shahriar Nafees (BDESH),2005-2008,3,60,0.08333333333333333,30.95,33.76,69.68,0.06666666666666668,0.16666666666666666,0.08968105065666042,NA
15,BRM Taylor (ZIM),2006-2009,3,62,0.14516129032258066,29.596774193548388,34.62,72.27,0.016129032258064516,0.1935483870967742,0.0677432059866089,NA
16,E Chigumbura (Afr/ZIM),2006-2010,4,78,0.08974358974358974,22.7051282051282,24.94,81.5,0.0,0.1282051282051282,0.08697653014265992,NA
17,KS Williamson (NZ),2010-2014,4,49,0.12244897959183673,34.673469387755105,39.51,79.06,0.061224489795918366,0.22448979591836732,0.06793857608189856,NA
18,LD Chandimal (SL),2010-2013,3,61,0.16393442622950818,25.393442622950822,30.37,73.2,0.032786885245901634,0.14754098360655735,0.06474480151228733,NA
19,EJG Morgan (ENG/IRE),2007-2010,3,49,0.20408163265306126,30.081632653061227,37.79,80.1,0.061224489795918366,0.16326530612244894,0.09130434782608696,NA
20,Mushfiqur Rahim (BDESH),2007-2011,4,68,0.16176470588235295,19.83823529411765,23.66,69.0,0.0,0.08823529411764706,0.06189258312020461,NA
21,Raqibul Hasan (BDESH),2008-2011,3,54,0.12962962962962962,24.222222222222218,27.82,61.32,0.0,0.14814814814814814,0.05157055789967183,NA
22,RG Sharma (INDIA),2007-2011,4,57,0.19298245614035087,21.894736842105264,27.13,75.72,0.03508771929824561,0.08771929824561403,0.06189320388349515,NA
23,CK Kapugedera (SL),2007-2011,4,57,0.10526315789473684,21.73684210526316,24.29,71.24,0.0,0.10526315789473684,0.061529614721104076,NA
24,MN Samuels (WI),2001-2005,4,45,0.17777777777777778,27.422222222222217,33.35,77.85,0.022222222222222227,0.17777777777777778,0.09211356466876973,NA
25,V Sibanda (Afr/ZIM),2003-2007,4,53,0.03773584905660377,22.981132075471695,23.88,61.95,0.018867924528301886,0.1509433962264151,0.07731434384537131,NA
26,Junaid Siddique (BDESH),2007-2011,4,53,0.018867924528301886,22.566037735849058,23.00,68.22,0.018867924528301886,0.11320754716981132,0.0713063320022818,NA
27,DD Ebrahim (ZIM),2001-2004,3,63,0.06349206349206349,18.460317460317462,19.71,57.34,0.015873015873015872,0.031746031746031744,0.04339250493096647,NA
28,S Matsikenyeri (ZIM),2003-2007,4,58,0.06896551724137931,19.844827586206893,21.31,65.99,0.0,0.08620689655172414,0.07568807339449543,NA
29,IK Pathan (INDIA),2004-2008,4,58,0.1896551724137931,19.844827586206893,24.48,78.78,0.0,0.08620689655172414,0.09582477754962354,NA
30,Nasir Hossain (BDESH),2011-2015,4,40,0.15,27.525,32.38,80.71,0.025,0.1,0.0813782991202346,NA
31,DM Bravo (WI),2009-2013,4,44,0.13636363636363635,24.95454545454545,28.89,67.69,0.0,0.1590909090909091,0.06966707768187423,NA
32,PR Stirling (IRE),2010-2014,4,29,0.0,36.44827586206897,36.44,104.44,0.1724137931034483,0.03448275862068965,0.14723320158102768,NA
33,DJ Bravo (WI),2004-2007,3,55,0.2545454545454545,18.03636363636364,24.19,79.1,0.01818181818181818,0.03636363636363636,0.07416267942583732,NA
34,HDRL Thirimanne (SL),2010-2013,3,38,0.10526315789473684,26.052631578947373,29.11,67.71,0.02631578947368421,0.15789473684210525,0.05198358413132695,NA
35,AA Obanda (KENYA),2008-2011,3,34,0.029411764705882356,27.735294117647058,28.57,73.84,0.0,0.17647058823529413,0.0947533281127643,NA
36,SC Williams (ZIM),2006-2009,3,36,0.16666666666666666,25.805555555555557,30.96,72.46,0.0,0.2777777777777778,0.0592823712948518,NA
37,RA Jadeja (INDIA),2009-2012,3,40,0.25,21.5,28.66,78.61,0.0,0.125,0.06672760511882997,NA
38,BB McCullum (NZ),2002-2005,3,51,0.2549019607843137,16.686274509803926,22.39,71.51,0.0,0.05882352941176471,0.07226890756302523,NA
39,TWM Latham (NZ),2012-2016,4,34,0.14705882352941174,24.64705882352941,28.89,73.83,0.029411764705882356,0.1176470588235294,0.07753303964757709,NA
40,CJ Chibhabha (ZIM),2006-2010,4,41,0.0,20.170731707317074,20.17,58.69,0.0,0.14634146341463414,0.048970901348474094,NA
41,AD Mathews (SL),2008-2011,3,32,0.28125,24.875,34.60,85.13,0.0,0.1875,0.06844919786096257,NA
42,DR Smith (WI),2004-2007,3,52,0.038461538461538464,14.769230769230768,15.36,101.58,0.0,0.038461538461538464,0.12962962962962962,NA
43,KOA Powell (WI),2011-2014,3,26,0.0,29.5,29.50,81.85,0.0,0.2692307692307692,0.1088580576307364,NA
44,Imran Farhat (PAK),2003-2006,3,22,0.045454545454545456,34.54545454545455,36.19,72.58,0.045454545454545456,0.18181818181818185,0.0936007640878701,NA
45,Mahmudullah (BDESH),2007-2010,3,33,0.3333333333333333,22.90909090909091,34.36,71.93,0.0,0.12121212121212123,0.057088487155090385,NA
46,Kamran Akmal (PAK),2002-2005,3,28,0.17857142857142858,26.285714285714285,32.00,91.65,0.10714285714285714,0.0,0.1133250311332503,NA
47,KA Pollard (WI),2008-2011,3,34,0.0,21.058823529411768,21.05,104.22,0.0,0.08823529411764706,0.11353711790393012,NA
48,H Masakadza (ZIM),2004-2007,3,36,0.05555555555555555,19.33333333333333,20.47,64.44,0.0,0.1388888888888889,0.060185185185185175,NA
49,MF Maharoof (SL),2004-2008,4,47,0.2553191489361702,14.595744680851064,19.60,84.06,0.0,0.0425531914893617,0.0943627450980392,NA
50,Mashrafe Mortaza (Asia/BDESH),2004-2007,3,42,0.19047619047619047,15.595238095238097,19.26,98.34,0.0,0.023809523809523808,0.11561561561561562,NA
51,JP Duminy (SA),2004-2008,4,24,0.2916666666666667,25.75,36.35,73.3,0.0,0.125,0.061684460260972726,NA
52,D Ramdin (WI),2005-2009,4,43,0.3023255813953488,13.813953488372093,19.80,79.41,0.0,0.04651162790697674,0.07219251336898395,NA
53,Mominul Haque (BDESH),2012-2015,3,24,0.04166666666666666,22.625,23.60,74.58,0.0,0.125,0.08241758241758243,NA
54,RR Patel (KENYA),2009-2013,4,26,0.15384615384615385,20.26923076923077,23.95,65.3,0.0,0.07692307692307693,0.07187112763320942,NA
55,P Utseya (ZIM),2005-2009,4,53,0.3207547169811321,9.679245283018867,14.25,53.21,0.0,0.03773584905660377,0.03734439834024896,NA
56,TJ Friend (ZIM),2001-2004,3,32,0.0625,15.96875,17.03,78.37,0.0,0.09375,0.09049079754601227,NA
57,NLTC Perera (SL),2009-2013,4,39,0.1794871794871795,12.974358974358973,15.81,110.48,0.0,0.02564102564102564,0.12008733624454147,NA
58,Javed Ahmadi (AFG),2012-2015,3,18,0.0,27.16666666666667,27.16,88.42,0.0,0.2777777777777778,0.12296564195298372,NA
59,BG Rogers (ZIM),2002-2005,3,15,0.0,31.86666666666667,31.86,69.37,0.0,0.3333333333333333,0.0899854862119013,NA
60,Taufeeq Umar (PAK),2001-2005,4,19,0.05263157894736842,23.52631578947368,24.83,57.45,0.0,0.15789473684210525,0.06169665809768636,NA
61,Rahmat Shah (AFG),2013-2016,3,13,0.07692307692307693,30.923076923076927,33.50,65.79,0.07692307692307693,0.07692307692307693,0.049099836333878884,NA
62,DA Miller (SA),2010-2013,3,18,0.2777777777777778,21.277777777777782,29.46,101.05,0.0,0.16666666666666666,0.09762532981530343,NA
63,SPD Smith (AUS),2010-2013,3,22,0.18181818181818185,17.272727272727273,21.11,86.75,0.0,0.0,0.0684931506849315,NA
64,Noor Ali Zadran (AFG),2009-2012,3,14,0.07142857142857142,26.5,28.53,70.66,0.07142857142857142,0.07142857142857142,0.06857142857142857,NA
65,SR Watson (AUS),2002-2005,3,20,0.45,17.05,31.00,68.06,0.0,0.05,0.04590818363273453,NA
66,SCJ Broad (ENG),2006-2010,4,37,0.3783783783783784,9.135135135135137,14.69,74.12,0.0,0.0,0.05701754385964913,NA
67,T Mishra (KENYA),2007-2010,3,11,0.18181818181818185,27.818181818181817,34.00,78.86,0.0,0.18181818181818185,0.07216494845360824,NA
68,BA Stokes (ENG),2011-2014,3,19,0.05263157894736842,14.842105263157894,15.66,75.8,0.0,0.05263157894736842,0.06989247311827956,NA
69,R Gunasekera (CAN),2011-2014,3,11,0.0,24.363636363636363,24.36,69.25,0.0,0.3636363636363637,0.07751937984496124,NA
70,Tapash Baisya (BDESH),2003-2006,3,30,0.26666666666666666,8.166666666666666,11.13,57.37,0.0,0.0,0.049180327868852465,NA
71,NS Poonia (SCOT),2006-2009,3,21,0.0,11.285714285714285,11.28,62.86,0.0,0.047619047619047616,0.08753315649867374,NA
72,JH Davey (SCOT),2010-2014,4,10,0.1,22.6,25.11,63.12,0.0,0.1,0.06145251396648045,NA
73,P Kumar (INDIA),2007-2010,3,24,0.2916666666666667,9.375,13.23,85.22,0.0,0.04166666666666666,0.0946969696969697,NA
74,DLS van Bunge (NL),2003-2006,3,9,0.0,24.11111111111111,24.11,61.47,0.0,0.1111111111111111,0.0679886685552408,NA
75,TG Southee (NZ),2008-2012,4,31,0.3870967741935484,6.709677419354839,10.94,88.51,0.0,0.0,0.08085106382978724,NA
76,HS Baidwan (CAN),2008-2011,3,16,0.4375,12.5625,22.33,67.0,0.0,0.0,0.04,NA
77,CK Coventry (ZIM),2003-2006,3,10,0.0,19.9,19.90,85.77,0.0,0.1,0.11206896551724138,NA
78,Mohammad Sami (PAK),2001-2004,3,33,0.5454545454545454,5.909090909090909,13.00,61.9,0.0,0.0,0.0380952380952381,NA
79,WD Parnell (SA),2009-2012,3,13,0.2307692307692308,14.0,18.20,74.89,0.0,0.0,0.06584362139917696,NA
80,RW Chakabva (ZIM),2008-2011,3,10,0.1,17.6,19.55,59.45,0.0,0.0,0.054054054054054064,NA
81,KS Lokuarachchi (SL),2003-2006,3,13,0.15384615384615385,13.384615384615385,15.81,78.02,0.0,0.07692307692307693,0.04932735426008968,NA
82,ML Nkala (ZIM),2001-2005,4,19,0.21052631578947367,9.105263157894736,11.53,58.44,0.0,0.0,0.05067567567567568,NA
83,Umar Amin (PAK),2010-2013,3,9,0.1111111111111111,19.222222222222218,21.62,77.57,0.0,0.1111111111111111,0.07623318385650224,NA
84,Usman Limbada (CAN),2010-2013,3,10,0.1,17.0,18.88,68.82,0.0,0.1,0.07692307692307693,NA
85,CS MacLeod (SCOT),2009-2012,3,7,0.14285714285714285,24.142857142857146,28.16,72.53,0.0,0.14285714285714285,0.06437768240343347,NA
86,Gulbadin Naib (AFG),2011-2015,4,12,0.16666666666666666,12.666666666666664,15.20,90.47,0.0,0.0,0.1130952380952381,NA
87,CS Baugh (WI),2003-2006,3,11,0.4545454545454545,13.272727272727273,24.33,81.56,0.0,0.0,0.09497206703910614,NA
88,KAJ Roach (WI),2008-2012,4,25,0.52,5.52,11.50,48.59,0.0,0.0,0.04225352112676056,NA
89,T Mupariwa (ZIM),2006-2009,3,21,0.3333333333333333,6.523809523809524,9.78,52.69,0.0,0.0,0.04230769230769231,NA
90,AF Milne (NZ),2012-2016,4,12,0.5,10.833333333333336,21.66,98.48,0.0,0.0,0.08333333333333333,NA
91,MA Starc (AUS),2010-2013,3,7,0.5714285714285714,17.428571428571427,40.66,100.82,0.0,0.14285714285714285,0.11570247933884298,NA
92,JEC Franklin (NZ),2001-2004,3,16,0.1875,7.25,8.92,55.23,0.0,0.0,0.047619047619047616,NA
93,Hamza Tariq (CAN),2011-2014,3,7,0.0,16.571428571428573,16.57,73.88,0.0,0.14285714285714285,0.10828025477707008,NA
94,L Balaji (INDIA),2002-2005,3,15,0.4,7.533333333333332,12.55,79.57,0.0,0.0,0.07042253521126761,NA
95,GH Dockrell (IRE),2013-2016,3,15,0.5333333333333333,7.533333333333332,16.14,67.26,0.0,0.0,0.047619047619047616,NA
96,Shafiul Islam (BDESH),2010-2013,3,27,0.2962962962962963,4.037037037037037,5.73,55.89,0.0,0.0,0.06666666666666668,NA
97,RO Hinds (WI),2001-2004,3,9,0.3333333333333333,11.222222222222221,16.83,59.41,0.0,0.0,0.06470588235294117,NA
98,RP Singh (INDIA),2006-2009,3,17,0.4117647058823529,5.470588235294118,9.30,40.08,0.0,0.0,0.02155172413793104,NA
99,PM Seelaar (NL),2007-2011,4,16,0.5,5.6875,11.37,55.15,0.0,0.0,0.060606060606060615,NA
100,Mirwais Ashraf (AFG),2009-2012,3,8,0.125,10.375,11.85,64.84,0.0,0.0,0.0625,NA
101,SM Sharif (SCOT),2011-2015,4,8,0.5,10.125,20.25,75.0,0.0,0.0,0.07407407407407407,NA
102,SL Malinga (SL),2004-2007,3,17,0.4705882352941176,4.117647058823529,7.77,65.42,0.0,0.0,0.04672897196261682,NA
103,Shahadat Hossain (BDESH),2006-2010,4,21,0.5714285714285714,3.333333333333333,7.77,55.11,0.0,0.0,0.06299212598425198,NA
104,JM Anderson (ENG),2002-2006,4,19,0.4736842105263158,3.631578947368421,6.90,36.5,0.0,0.0,0.021164021164021163,NA
105,Syed Rasel (BDESH),2005-2008,3,18,0.3333333333333333,3.111111111111111,4.66,40.28,0.0,0.0,0.03597122302158273,NA
106,Rubel Hossain (BDESH),2010-2013,3,18,0.5555555555555556,2.3888888888888893,5.37,56.57,0.0,0.0,0.06578947368421052,NA
107,MBS Jonkman (NL),2006-2010,4,6,0.3333333333333333,6.833333333333332,10.25,78.84,0.0,0.0,0.09615384615384616,NA
108,G Goudie (SCOT),2008-2011,3,9,0.3333333333333333,4.4444444444444455,6.66,63.49,0.0,0.0,0.06349206349206349,NA
109,E Otieno (KENYA),2008-2011,3,15,0.4,2.6666666666666665,4.44,33.61,0.0,0.0,0.025210084033613446,NA
110,JL Pattinson (AUS),2011-2014,3,7,0.42857142857142855,5.7142857142857135,10.00,55.55,0.0,0.0,0.027777777777777776,NA
111,N M'shangwe (ZIM),2011-2014,3,6,0.16666666666666666,6.333333333333332,7.60,84.44,0.0,0.0,0.1111111111111111,NA
112,Joginder Sharma (INDIA),2004-2007,3,3,0.6666666666666666,11.666666666666664,35.00,116.66,0.0,0.0,0.16666666666666666,NA
113,I Sharma (INDIA),2008-2011,3,10,0.2,3.4,4.25,33.33,0.0,0.0,0.029411764705882356,NA
114,Sarfraz Ahmed (PAK),2007-2010,3,3,0.0,10.666666666666666,10.66,54.23,0.0,0.0,0.01694915254237288,NA
115,KM Jarvis (ZIM),2009-2012,3,10,0.4,2.9,4.83,37.66,0.0,0.0,0.025974025974025976,NA
116,KMDN Kulasekara (SL),2003-2006,3,8,0.5,2.375,4.75,24.35,0.0,0.0,0.0,NA
117,DJG Sammy (WI),2004-2007,3,1,1.0,18.0,-,138.46,0.0,0.0,0.07692307692307693,NA
118,JJC Lawson (WI),2002-2005,3,4,0.5,3.75,7.50,100.0,0.0,0.0,0.13333333333333333,NA
119,CB Mpofu (ZIM),2006-2009,3,16,0.5,0.875,1.75,21.87,0.0,0.0,0.015625,NA
120,Nazmul Hossain (BDESH),2008-2011,3,10,0.6,0.5,1.25,13.88,0.0,0.0,0.0,NA
121,Abul Hasan (BDESH),2012-2015,3,2,0.0,2.0,2.00,44.44,0.0,0.0,0.0,NA
122,Danish Kaneria (PAK),2001-2004,3,5,0.8,0.8,4.00,28.57,0.0,0.0,0.0,NA
123,M Zondeki (Afr/SA),2002-2006,4,3,0.6666666666666666,1.3333333333333333,4.00,80.0,0.0,0.0,0.0,NA
124,CH Gayle (WI),2001-2004,3,82,0.06097560975609756,42.65853658536585,45.42,79.91,0.1097560975609756,0.25609756097560976,0.10783641763765137,NA
125,M Kaif (INDIA),2002-2005,3,90,0.2333333333333333,27.011111111111113,35.23,73.68,0.022222222222222227,0.15555555555555556,0.06547438617762959,NA
126,MJ Clarke (AUS),2003-2006,3,71,0.2676056338028169,32.71830985915493,44.67,86.13,0.028169014084507043,0.22535211267605634,0.08379681127178347,NA
127,Abdul Razzaq (PAK),2001-2004,3,93,0.26881720430107525,24.72043010752688,33.80,86.49,0.021505376344086027,0.10752688172043012,0.08954100827689992,NA
128,Ahmed Shehzad (PAK),2013-2016,3,56,0.0,36.30357142857143,36.30,74.06,0.07142857142857142,0.23214285714285715,0.08087431693989071,NA
129,LRPL Taylor (NZ),2006-2009,3,54,0.1851851851851852,32.03703703703704,39.31,83.69,0.05555555555555555,0.1851851851851852,0.09530720851475567,NA
130,Shahid Afridi (PAK),2001-2005,4,71,0.056338028169014086,22.59154929577465,23.94,120.23,0.014084507042253518,0.14084507042253522,0.17091454272863568,NA
131,JC Buttler (ENG),2012-2015,3,52,0.1346153846153846,28.211538461538463,32.60,113.89,0.038461538461538464,0.1346153846153846,0.1281055900621118,NA
132,IR Bell (ENG),2004-2007,3,40,0.075,34.4,37.18,69.31,0.0,0.25,0.06347607052896725,NA
133,Imrul Kayes (BDESH),2008-2011,3,48,0.02083333333333333,27.39583333333333,27.97,65.16,0.02083333333333333,0.1875,0.07185332011892963,NA
134,JA Rudolph (Afr/SA),2003-2006,3,39,0.15384615384615385,30.102564102564106,35.57,68.05,0.0,0.1794871794871795,0.06608695652173913,NA
135,MR Marsh (AUS),2013-2016,3,38,0.18421052631578946,30.342105263157894,37.19,92.38,0.02631578947368421,0.21052631578947367,0.10416666666666667,NA
136,WTS Porterfield (IRE),2006-2009,3,37,0.08108108108108109,31.08108108108108,33.82,65.86,0.10810810810810813,0.10810810810810813,0.06815578465063,NA
137,Aftab Ahmed (BDESH),2006-2010,4,43,0.04651162790697674,23.162790697674414,24.29,83.48,0.0,0.16279069767441862,0.10477787091366304,NA
138,T Taibu (Afr/ZIM),2004-2008,4,37,0.08108108108108109,26.540540540540537,28.88,68.76,0.027027027027027032,0.13513513513513514,0.05952380952380953,NA
139,KD Karthik (INDIA),2006-2010,4,34,0.2058823529411765,23.764705882352942,29.92,77.09,0.0,0.1176470588235294,0.08587786259541985,NA
140,Mohammad Shahzad (AFG),2009-2012,3,21,0.047619047619047616,35.38095238095238,37.15,90.06,0.14285714285714285,0.14285714285714285,0.11515151515151514,NA
141,MW Machan (SCOT),2013-2016,3,22,0.0,33.36363636363637,33.36,77.1,0.045454545454545456,0.13636363636363635,0.07247899159663866,NA
142,Naeem Islam (BDESH),2008-2011,3,41,0.3414634146341464,16.365853658536587,24.85,64.08,0.0,0.04878048780487805,0.06303724928366762,NA
143,GC Wilson (IRE),2007-2010,3,24,0.08333333333333333,25.29166666666667,27.59,72.26,0.04166666666666666,0.16666666666666666,0.08452380952380953,NA
144,MA Ouma (KENYA),2004-2007,3,31,0.03225806451612903,19.387096774193548,20.03,59.74,0.0,0.0967741935483871,0.0705765407554672,NA
145,JO Holder (WI),2013-2016,3,33,0.2727272727272727,16.21212121212121,22.29,93.69,0.0,0.060606060606060615,0.11208406304728546,NA
146,Fawad Alam (PAK),2007-2010,3,20,0.4,24.0,40.00,73.05,0.0,0.15,0.0410958904109589,NA
147,LJ Wright (ENG),2007-2010,3,22,0.09090909090909093,21.227272727272727,23.35,102.41,0.0,0.09090909090909093,0.13157894736842105,NA
148,Asghar Stanikzai (AFG),2009-2012,3,21,0.14285714285714285,22.095238095238095,25.77,56.44,0.0,0.14285714285714285,0.048661800486618015,NA
149,G Gambhir (INDIA),2003-2006,3,16,0.0,25.5625,25.56,75.88,0.0625,0.0625,0.11688311688311688,NA
150,Harbhajan Singh (INDIA),2001-2005,4,44,0.25,9.068181818181818,12.09,78.69,0.0,0.0,0.08678500986193294,NA
151,RD Berrington (SCOT),2008-2011,3,18,0.05555555555555555,21.5,22.76,81.3,0.0,0.16666666666666666,0.07983193277310924,NA
152,Alok Kapali (BDESH),2005-2008,3,20,0.05,17.8,18.73,78.24,0.05,0.05,0.07912087912087913,NA
153,A Bagai (CAN),2003-2007,4,19,0.15789473684210525,18.736842105263158,22.25,55.53,0.0,0.15789473684210525,0.0608424336973479,NA
154,DL Vettori (NZ),2001-2004,3,44,0.3181818181818182,7.75,11.36,69.73,0.0,0.0,0.05112474437627812,NA
155,TT Bresnan (ENG),2006-2009,3,14,0.42857142857142855,18.071428571428573,31.62,95.47,0.0,0.07142857142857142,0.11320754716981132,NA
156,CO Obuya (KENYA),2002-2006,4,17,0.05882352941176471,14.823529411764708,15.75,58.19,0.0,0.0,0.03926096997690531,NA
157,LMP Simmons (WI),2006-2009,3,14,0.14285714285714285,17.714285714285715,20.66,57.8,0.0,0.14285714285714285,0.06526806526806526,NA
158,CL White (AUS),2005-2008,3,12,0.3333333333333333,17.083333333333332,25.62,112.63,0.0,0.0,0.10989010989010987,NA
159,AD Poynter (IRE),2008-2011,3,12,0.25,16.666666666666668,22.22,67.34,0.0,0.16666666666666666,0.06734006734006734,NA
160,JWA Taylor (ENG),2011-2014,3,6,0.0,32.666666666666664,32.66,73.96,0.0,0.3333333333333333,0.06792452830188679,NA
161,Abdur Razzak (BDESH),2004-2007,3,29,0.5172413793103449,6.206896551724138,12.85,72.28,0.0,0.0,0.060240963855421686,NA
162,JE Taylor (WI),2006-2009,3,25,0.28,7.04,9.77,86.69,0.0,0.0,0.09852216748768472,NA
163,LE Plunkett (ENG),2006-2010,4,17,0.5294117647058824,9.705882352941176,20.62,97.63,0.0,0.0,0.07100591715976333,NA
164,TC Bastiampillai (CAN),2007-2010,3,11,0.0,14.818181818181818,14.81,63.42,0.0,0.0,0.10505836575875488,NA
165,B Kumar (INDIA),2012-2015,3,22,0.2272727272727273,7.3181818181818175,9.47,80.5,0.0,0.0,0.085,NA
166,Faisal Iqbal (PAK),2003-2006,3,9,0.0,16.333333333333332,16.33,50.0,0.0,0.0,0.037414965986394565,NA
167,J Mubarak (SL),2002-2006,4,9,0.0,16.333333333333332,16.33,58.8,0.0,0.1111111111111111,0.068,NA
168,R Clarke (ENG),2003-2006,3,13,0.0,11.076923076923077,11.07,62.06,0.0,0.0,0.05603448275862069,NA
169,KD Mills (NZ),2001-2004,3,18,0.3888888888888889,7.222222222222222,11.81,48.68,0.0,0.0,0.03745318352059925,NA
170,HA Varaiya (KENYA),2006-2009,3,20,0.5,6.5,13.00,47.44,0.0,0.0,0.021897810218978103,NA
171,Umar Gul (PAK),2006-2009,3,18,0.3888888888888889,6.166666666666668,10.09,70.7,0.0,0.0,0.08280254777070062,NA
172,RT Lyons (SCOT),2006-2009,3,10,0.7,8.6,28.66,61.42,0.0,0.0,0.057142857142857134,NA
173,DT Hondo (ZIM),2001-2004,3,22,0.4545454545454545,3.863636363636364,7.08,44.27,0.0,0.0,0.05729166666666665,NA
174,CRD Fernando (SL),2001-2004,3,24,0.5416666666666666,3.375,7.36,52.59,0.0,0.0,0.045454545454545456,NA
175,SO Ngoche (KENYA),2010-2014,4,11,0.2727272727272727,6.1818181818181825,8.50,57.62,0.0,0.0,0.0423728813559322,NA
176,A Nehra (INDIA),2001-2004,3,16,0.625,3.8125,10.16,72.61,0.0,0.0,0.09523809523809523,NA
177,NM Odhiambo (KENYA),2010-2013,3,5,0.0,11.0,11.00,48.67,0.0,0.0,0.02654867256637168,NA
178,BV Vitori (ZIM),2011-2014,3,9,0.2222222222222222,6.111111111111112,7.85,91.66,0.0,0.0,0.13333333333333333,NA
179,Junaid Khan (PAK),2011-2014,3,20,0.5,2.55,5.10,51.0,0.0,0.0,0.04,NA
180,Hammad Azam (PAK),2012-2015,3,3,0.0,12.666666666666664,12.66,70.37,0.0,0.0,0.07407407407407407,NA
181,KW Richardson (AUS),2013-2016,3,4,0.5,7.5,15.00,157.89,0.0,0.0,0.21052631578947367,NA
182,S Sreesanth (INDIA),2005-2008,3,13,0.4615384615384616,2.230769230769231,4.14,34.52,0.0,0.0,0.011904761904761904,NA
183,DAJ Bracewell (NZ),2011-2015,4,5,0.2,5.4,6.75,56.25,0.0,0.0,0.02083333333333333,NA
184,EC Rainsford (ZIM),2006-2009,3,16,0.6875,1.6875,5.40,29.34,0.0,0.0,0.0,NA
185,MMA Jonkman (NL),2007-2010,3,2,0.0,10.0,10.00,39.21,0.0,0.0,0.0392156862745098,NA
186,Shapoor Zadran (AFG),2009-2012,3,10,0.5,2.0,4.00,40.81,0.0,0.0,0.061224489795918366,NA
187,FH Edwards (WI),2003-2006,3,8,0.625,2.25,6.00,32.72,0.0,0.0,0.0,NA
188,AS Luseno (KENYA),2003-2006,3,5,0.8,3.4,17.00,85.0,0.0,0.0,0.1,NA
189,JE Root (ENG),2013-2016,3,73,0.0958904109589041,41.328767123287676,45.71,85.51,0.1095890410958904,0.2328767123287671,0.07709750566893424,NA
190,V Sehwag (INDIA),2001-2004,3,98,0.061224489795918366,30.489795918367342,32.47,94.73,0.061224489795918366,0.14285714285714285,0.14552948636651872,NA
191,MS Dhoni (Asia/INDIA),2004-2007,3,68,0.2794117647058824,33.85294117647059,46.97,98.75,0.04411764705882353,0.19117647058823528,0.11196911196911197,NA
192,MJ Guptill (NZ),2009-2012,3,63,0.09523809523809523,34.142857142857146,37.73,80.62,0.031746031746031744,0.2698412698412698,0.0944527736131934,NA
193,MDKJ Perera (SL),2013-2016,3,56,0.05357142857142857,26.839285714285715,28.35,91.59,0.05357142857142857,0.125,0.11761121267519806,NA
194,RL Powell (WI),2001-2004,3,62,0.2258064516129032,21.080645161290324,27.22,96.74,0.0,0.08064516129032258,0.12065136935603255,NA
195,RS Bopara (ENG),2007-2011,4,47,0.1702127659574468,23.59574468085107,28.43,71.82,0.0,0.0851063829787234,0.06930051813471502,NA
196,Nasir Jamshed (PAK),2012-2015,3,36,0.027777777777777776,29.58333333333333,30.42,69.51,0.08333333333333333,0.1111111111111111,0.07441253263707573,NA
197,C Kieswetter (ENG),2010-2013,3,40,0.125,26.35,30.11,89.93,0.025,0.125,0.11774744027303755,NA
198,DA Warner (AUS),2009-2012,3,34,0.0,30.882352941176467,30.88,81.83,0.05882352941176471,0.14705882352941174,0.09275136399064693,NA
199,CJ Anderson (NZ),2013-2016,3,40,0.125,26.175,29.91,111.02,0.025,0.1,0.14316012725344646,NA
200,KJ O'Brien (IRE),2006-2009,3,31,0.0967741935483871,28.516129032258068,31.57,78.29,0.03225806451612903,0.12903225806451613,0.08148804251550043,NA
201,JP Faulkner (AUS),2013-2016,3,38,0.42105263157894735,22.97368421052632,39.68,111.77,0.02631578947368421,0.10526315789473684,0.13188220230473752,NA
202,JDP Oram (NZ),2001-2004,3,50,0.12,15.72,17.86,76.01,0.0,0.06,0.08413926499032882,NA
203,AN Cook (ENG),2007-2010,3,24,0.0,32.416666666666664,32.41,70.09,0.04166666666666666,0.20833333333333331,0.07387387387387387,NA
204,AM Rahane (INDIA),2011-2014,3,27,0.0,25.444444444444446,25.44,72.16,0.0,0.1851851851851852,0.07457983193277311,NA
205,AD Russell (WI),2011-2014,3,28,0.21428571428571427,23.785714285714285,30.27,119.78,0.0,0.10714285714285714,0.16546762589928055,NA
206,Mohammad Hafeez (PAK),2003-2006,3,35,0.028571428571428567,17.37142857142857,17.88,52.82,0.0,0.08571428571428573,0.06516072980017376,NA
207,AM Blignaut (ZIM),2001-2004,3,29,0.2413793103448276,16.551724137931036,21.81,111.36,0.0,0.13793103448275862,0.1345707656612529,NA
208,MJ Prior (ENG),2004-2007,3,22,0.0,21.318181818181817,21.31,72.93,0.0,0.045454545454545456,0.09331259720062207,NA
209,Imran Nazir (PAK),2004-2007,3,17,0.0,26.117647058823533,26.11,98.88,0.05882352941176471,0.05882352941176471,0.1514476614699332,NA
210,PL Mommsen (SCOT),2010-2013,3,19,0.10526315789473684,21.473684210526315,24.00,56.04,0.0,0.15789473684210525,0.04945054945054945,NA
211,Samiullah Shenwari (AFG),2009-2012,3,16,0.125,23.5,26.85,62.98,0.0,0.125,0.06030150753768844,NA
212,DS Smith (WI),2004-2007,3,14,0.14285714285714285,25.57142857142857,29.83,65.8,0.0,0.07142857142857142,0.07352941176470587,NA
213,CR Woakes (ENG),2011-2015,4,24,0.20833333333333331,14.083333333333336,17.78,78.06,0.0,0.0,0.05773672055427252,NA
214,SD Outerbridge (BMUDA),2006-2009,3,23,0.0,14.608695652173912,14.60,54.9,0.0,0.043478260869565216,0.052287581699346414,NA
215,GEF Barnett (CAN),2006-2009,3,16,0.0,20.75,20.75,61.59,0.0,0.0625,0.07792207792207792,NA
216,PW Borren (NL),2006-2009,3,20,0.0,16.15,16.15,94.72,0.0,0.1,0.0997067448680352,NA
217,NN Odhiambo (KENYA),2006-2009,3,28,0.21428571428571427,11.285714285714285,14.36,76.88,0.0,0.03571428571428571,0.0851581508515815,NA
218,SP Narine (WI),2011-2014,3,32,0.1875,8.5,10.46,78.61,0.0,0.0,0.09826589595375723,NA
219,Z Khan (INDIA),2001-2004,3,39,0.35897435897435903,6.897435897435898,10.76,74.72,0.0,0.0,0.08611111111111111,NA
220,U Bhatti (CAN),2006-2009,3,21,0.2857142857142857,11.428571428571427,16.00,76.43,0.0,0.0,0.0732484076433121,NA
221,DNT Zoysa (SL),2001-2004,3,24,0.5,9.541666666666666,19.08,106.01,0.0,0.0,0.12037037037037035,NA
222,JM Bairstow (ENG),2011-2015,4,9,0.1111111111111111,24.33333333333333,27.37,86.22,0.0,0.1111111111111111,0.10236220472440943,NA
223,J Botha (Afr/SA),2005-2008,3,14,0.35714285714285715,11.571428571428573,18.00,86.63,0.0,0.0,0.08021390374331551,NA
224,DR Tuffey (NZ),2001-2004,3,35,0.4857142857142857,4.085714285714285,7.94,60.08,0.0,0.0,0.05882352941176471,NA
225,R Rampaul (WI),2007-2010,3,15,0.06666666666666668,8.666666666666666,9.28,82.8,0.0,0.0,0.10191082802547773,NA
226,TL Chatara (ZIM),2013-2016,3,20,0.5,5.25,10.50,57.69,0.0,0.0,0.06043956043956044,NA
227,M Morkel (Afr/SA),2007-2010,3,10,0.3,10.2,14.57,94.44,0.0,0.0,0.12037037037037035,NA
228,BAW Mendis (SL),2008-2011,3,22,0.4090909090909091,4.5,7.61,68.75,0.0,0.0,0.04861111111111111,NA
229,Kabir Ali (ENG),2003-2006,3,9,0.3333333333333333,10.333333333333334,15.50,86.11,0.0,0.0,0.08333333333333333,NA
230,SI Mahmood (ENG),2004-2007,3,15,0.26666666666666666,5.666666666666668,7.72,84.15,0.0,0.0,0.0891089108910891,NA
231,JA Morkel (Afr/SA),2004-2007,3,8,0.125,10.625,12.14,73.91,0.0,0.0,0.08695652173913042,NA
232,Wahab Riaz (PAK),2008-2011,3,15,0.26666666666666666,5.333333333333333,7.27,86.02,0.0,0.0,0.0967741935483871,NA
233,ST Finn (ENG),2011-2015,4,21,0.42857142857142855,3.761904761904762,6.58,48.76,0.0,0.0,0.043209876543209874,NA
234,MK Tiwary (INDIA),2008-2011,3,5,0.0,12.2,12.20,66.3,0.0,0.0,0.07608695652173914,NA
235,SC Joseph (WI),2001-2004,3,5,0.2,11.8,14.75,43.38,0.0,0.0,0.02205882352941177,NA
236,JL Ontong (Afr/SA),2002-2005,3,9,0.1111111111111111,5.888888888888888,6.62,59.55,0.0,0.0,0.05617977528089888,NA
237,TA Boult (NZ),2012-2015,3,10,0.6,5.2,13.00,75.36,0.0,0.0,0.10144927536231883,NA
238,MM Patel (INDIA),2006-2009,3,15,0.5333333333333333,3.466666666666667,7.42,66.66,0.0,0.0,0.07692307692307693,NA
239,RO Hussain (SCOT),2007-2010,3,6,0.16666666666666666,7.833333333333332,9.40,47.95,0.0,0.0,0.051020408163265314,NA
240,Hamid Hassan (AFG),2009-2013,4,7,0.14285714285714285,6.0,7.00,60.86,0.0,0.0,0.05797101449275361,NA
241,Dawlat Zadran (AFG),2011-2014,3,9,0.2222222222222222,4.222222222222221,5.42,36.53,0.0,0.0,0.038461538461538464,NA
242,Yasir Arafat (PAK),2005-2008,3,4,0.5,9.5,19.00,76.0,0.0,0.0,0.1,NA
243,JO Ngoche (KENYA),2010-2013,3,11,0.3636363636363637,3.1818181818181817,5.00,41.17,0.0,0.0,0.023529411764705882,NA
244,Mohammad Asif (Asia/PAK),2005-2008,3,11,0.4545454545454545,3.0,5.50,42.85,0.0,0.0,0.025974025974025976,NA
245,MC Henriques (AUS),2009-2013,4,5,0.2,6.4,8.00,61.53,0.0,0.0,0.0,NA
246,Farhad Reza (BDESH),2008-2011,3,6,0.16666666666666666,5.0,6.00,34.48,0.0,0.0,0.02298850574712644,NA
247,KC Sangakkara (SL),2001-2004,3,98,0.1326530612244898,28.54081632653061,32.90,72.51,0.030612244897959183,0.17346938775510204,0.07078039927404718,NA
248,DPMD Jayawardene (SL),2001-2004,3,90,0.1,29.66666666666667,32.96,71.52,0.03333333333333333,0.15555555555555556,0.05679078489150818,NA
249,Younis Khan (PAK),2001-2004,3,87,0.14942528735632185,29.057471264367813,34.16,77.02,0.011494252873563218,0.2183908045977012,0.061243144424131625,NA
250,HH Dippenaar (SA),2001-2004,3,56,0.16071428571428573,37.25,44.38,66.15,0.017857142857142856,0.3035714285714285,0.06533460196638123,NA
251,KP Pietersen (ENG/ICC),2004-2007,3,45,0.2,45.022222222222226,56.27,91.46,0.1111111111111111,0.3111111111111111,0.10564334085778783,NA
252,A Flintoff (ENG),2001-2004,3,56,0.17857142857142858,32.232142857142854,39.23,94.4,0.05357142857142857,0.19642857142857145,0.1155857740585774,NA
253,GJ Maxwell (AUS),2012-2015,3,50,0.12,30.7,34.88,126.44,0.02,0.24,0.17051070840197693,NA
254,HJH Marshall (NZ),2003-2006,3,47,0.14893617021276595,26.36170212765957,30.97,72.71,0.02127659574468085,0.23404255319148934,0.0534037558685446,NA
255,L Vincent (NZ),2002-2005,3,52,0.1346153846153846,23.423076923076927,27.06,66.01,0.019230769230769232,0.1153846153846154,0.06666666666666668,NA
256,JD Ryder (NZ),2008-2011,3,30,0.03333333333333333,34.7,35.89,90.99,0.06666666666666668,0.16666666666666666,0.1215034965034965,NA
257,J Charles (WI),2012-2015,3,35,0.0,29.0,29.00,84.44,0.057142857142857134,0.11428571428571427,0.11647254575707155,NA
258,TLW Cooper (NL),2010-2013,3,22,0.09090909090909093,44.36363636363637,48.80,70.16,0.045454545454545456,0.3636363636363637,0.06182602444284688,NA
259,JM How (NZ),2005-2008,3,18,0.05555555555555555,39.888888888888886,42.23,72.96,0.05555555555555555,0.3333333333333333,0.08841463414634146,NA
260,TM Odoyo (KENYA),2001-2004,3,30,0.06666666666666668,20.83333333333333,22.32,64.16,0.0,0.06666666666666668,0.07494866529774127,NA
261,AB Agarkar (INDIA),2001-2004,3,44,0.3181818181818182,13.272727272727273,19.46,88.21,0.0,0.045454545454545456,0.09667673716012083,NA
262,ES Szwarczynski (NL),2006-2009,3,17,0.05882352941176471,29.0,30.81,69.33,0.0,0.29411764705882354,0.06469760900140648,NA
263,JDS Neesham (NZ),2013-2016,3,22,0.2727272727272727,21.454545454545453,29.50,91.65,0.0,0.09090909090909093,0.1087378640776699,NA
264,N Deonarine (WI),2007-2010,3,15,0.2,27.93333333333333,34.91,76.04,0.0,0.26666666666666666,0.07259528130671508,NA
265,RM Haq (SCOT),2006-2009,3,21,0.0,18.476190476190478,18.47,66.09,0.0,0.14285714285714285,0.08347529812606473,NA
266,R Ashwin (INDIA),2010-2013,3,34,0.35294117647058826,11.058823529411764,17.09,83.37,0.0,0.0,0.07317073170731707,NA
267,BJ Patel (KENYA),2001-2004,3,18,0.1111111111111111,17.722222222222218,19.93,52.38,0.0,0.0,0.07389162561576355,NA
268,SR Patel (ENG),2008-2011,3,13,0.15384615384615385,23.538461538461537,27.81,91.89,0.0,0.07692307692307693,0.08708708708708708,NA
269,Mudassar Bukhari (NL),2007-2010,3,19,0.10526315789473684,14.894736842105265,16.64,65.35,0.0,0.10526315789473684,0.07390300230946882,NA
270,Jahurul Islam (BDESH),2010-2013,3,13,0.07692307692307693,20.76923076923077,22.50,72.77,0.0,0.07692307692307693,0.07277628032345014,NA
271,Sohail Tanvir (PAK),2008-2011,3,19,0.3157894736842105,11.31578947368421,16.53,89.21,0.0,0.05263157894736842,0.1078838174273859,NA
272,DO Obuya (KENYA),2002-2006,4,21,0.09523809523809523,9.904761904761905,10.94,47.59,0.0,0.047619047619047616,0.05263157894736842,NA
273,FDM Karunaratne (SL),2011-2015,4,13,0.07692307692307693,14.615384615384615,15.83,68.84,0.0,0.07692307692307693,0.050724637681159424,NA
274,Iftikhar Anjum (PAK),2004-2007,3,23,0.6521739130434783,7.3478260869565215,21.12,58.88,0.0,0.0,0.03484320557491289,NA
275,RML Taylor (SCOT),2013-2016,3,14,0.21428571428571427,11.0,14.00,89.53,0.0,0.0,0.08139534883720931,NA
276,SW Masakadza (ZIM),2010-2013,3,8,0.25,18.5,24.66,100.0,0.0,0.0,0.14864864864864866,NA
277,M Ntini (SA),2001-2004,3,16,0.5,7.3125,14.62,74.52,0.0,0.0,0.08917197452229299,NA
278,RS Morton (WI),2002-2005,3,5,0.0,22.8,22.80,50.44,0.0,0.2,0.05309734513274336,NA
279,RJ Peterson (SA),2002-2006,4,10,0.1,9.8,10.88,66.21,0.0,0.0,0.060810810810810814,NA
280,BJ Haddin (AUS),2001-2004,3,7,0.0,13.714285714285715,13.71,63.57,0.0,0.0,0.0728476821192053,NA
281,MG Johnson (AUS),2005-2008,3,18,0.4444444444444444,5.111111111111111,9.20,73.01,0.0,0.0,0.05555555555555555,NA
282,DW Steyn (SA),2007-2010,3,12,0.4166666666666667,6.833333333333332,11.71,102.5,0.0,0.0,0.1,NA
283,AC Evans (SCOT),2012-2015,3,7,0.5714285714285714,10.0,23.33,77.77,0.0,0.0,0.1,NA
284,CD Collymore (WI),2001-2004,3,19,0.42105263157894735,2.9473684210526314,5.09,38.88,0.0,0.0,0.013888888888888888,NA
285,SJ Harmison (ENG),2002-2005,3,14,0.6428571428571429,3.8571428571428568,10.80,58.69,0.0,0.0,0.021739130434782608,NA
286,UT Yadav (INDIA),2011-2014,3,12,0.75,3.4166666666666665,13.66,67.21,0.0,0.0,0.11475409836065575,NA
287,CT Tremlett (ENG),2005-2008,3,6,0.3333333333333333,6.333333333333332,9.50,58.46,0.0,0.0,0.04615384615384616,NA
288,VD Philander (SA),2008-2012,4,3,0.3333333333333333,11.666666666666664,17.50,79.54,0.0,0.0,0.06818181818181818,NA
