Player,Span,Years,Inns,R/I,HS,Avg,SR,100/I,50/I
V Kohli (INDIA),2009-2012,4,77,47.61038961038961,183,54.71,86.93,0.16883116883116883,0.2597402597402597,
SR Tendulkar (INDIA),1993-1997,5,86,41.104651162790695,137,44.74,85.30,0.12790697674418605,0.22093023255813954,
Q de Kock (SA),2013-2016,4,68,41.64705882352941,178,44.25,95.03,0.16176470588235295,0.11764705882352941,
CH Gayle (WI),1999-2003,5,70,38.714285714285715,152,39.27,78.45,0.07142857142857142,0.2571428571428571,
JH Kallis (SA),1996-1999,4,68,35.73529411764706,113,43.39,69.25,0.07352941176470588,0.23529411764705882,
WU Tharanga (Asia/SL),2005-2009,5,73,29.835616438356166,120,30.25,70.41,0.0821917808219178,0.1232876712328767,
Shakib Al Hasan (BDESH),2007-2011,5,74,28.527027027027028,108,32.47,82.33,0.05405405405405406,0.1891891891891892,
Salman Butt (PAK),2004-2008,5,54,39.01851851851852,136,41.31,78.64,0.12962962962962962,0.16666666666666666,
RT Ponting (AUS),1995-1998,4,55,38.29090909090909,145,40.50,72.69,0.09090909090909091,0.21818181818181817,
Tamim Iqbal (BDESH),2009-2012,4,65,32.184615384615384,154,32.68,88.19,0.03076923076923077,0.24615384615384617,
AB de Villiers (Afr/SA),2005-2008,4,62,32.87096774193548,146,36.39,86.02,0.04838709677419355,0.1935483870967742,
Ahmed Shehzad (PAK),2013-2015,3,54,37.18518518518518,124,37.18,74.20,0.07407407407407407,0.24074074074074073,
GC Smith (SA),2002-2005,4,56,35.642857142857146,99,36.96,73.84,0.0,0.26785714285714285,
Shahriar Nafees (BDESH),2005-2008,4,60,30.95,123,33.76,69.68,0.06666666666666667,0.16666666666666666,
Mohammad Ashraful (Asia/BDESH),2004-2008,5,76,24.039473684210527,109,25.37,74.17,0.02631578947368421,0.13157894736842105,
BC Lara (WI),1990-1993,4,49,36.53061224489796,128,40.68,69.43,0.061224489795918366,0.2653061224489796,
DPMD Jayawardene (SL),1998-2001,4,55,31.945454545454545,128,34.45,75.60,0.09090909090909091,0.12727272727272726,
RR Sarwan (WI),2000-2004,5,52,33.78846153846154,104,45.05,76.69,0.038461538461538464,0.15384615384615385,
BRM Taylor (ZIM),2006-2009,4,59,29.491525423728813,118,34.80,72.71,0.01694915254237288,0.1864406779661017,
SP Fleming (NZ),1994-1997,4,59,29.322033898305083,106,32.03,73.93,0.01694915254237288,0.1864406779661017,
Babar Azam (PAK),2015-2018,4,38,45.18421052631579,125,50.50,84.16,0.18421052631578946,0.15789473684210525,
VG Kambli (INDIA),1992-1995,4,51,32.19607843137255,100,43.21,74.06,0.0196078431372549,0.21568627450980393,
Shahid Afridi (PAK),2000-2003,4,64,24.515625,108,26.15,99.61,0.015625,0.171875,
Inzamam-ul-Haq (PAK),1991-1993,3,44,35.47727272727273,117,40.02,74.26,0.045454545454545456,0.22727272727272727,
Shoaib Malik (PAK),2002-2005,4,40,38.375,143,41.48,75.42,0.1,0.25,
Yuvraj Singh (INDIA),2002-2005,4,52,29.21153846153846,139,33.02,84.52,0.09615384615384616,0.11538461538461539,
KS Williamson (NZ),2010-2014,5,43,34.58139534883721,145,37.17,75.75,0.046511627906976744,0.2558139534883721,
MD Crowe (NZ),1983-1986,4,49,29.714285714285715,105,33.09,75.36,0.02040816326530612,0.20408163265306123,
LD Chandimal (SL),2010-2013,4,53,27.22641509433962,111,32.06,72.65,0.03773584905660377,0.16981132075471697,
EJG Morgan (ENG/IRE),2007-2010,4,39,33.64102564102564,115,42.32,79.95,0.07692307692307693,0.1794871794871795,
Aftab Ahmed (BDESH),2006-2008,3,51,24.96078431372549,92,26.52,92.04,0.0,0.21568627450980393,
S Chanderpaul (WI),1995-1998,4,38,33.026315789473685,109,33.91,61.51,0.02631578947368421,0.23684210526315788,
V Sibanda (Afr/ZIM),2003-2007,5,51,23.784313725490197,116,24.75,62.26,0.0196078431372549,0.1568627450980392,
Junaid Siddique (BDESH),2007-2011,5,53,22.566037735849058,100,23.00,68.22,0.018867924528301886,0.11320754716981132,
BKG Mendis (SL),2016-2018,3,37,31.027027027027028,102,32.80,84.22,0.02702702702702703,0.2972972972972973,
RB Richardson (WI),1983-1985,3,41,27.536585365853657,99,34.21,56.99,0.0,0.24390243902439024,
Raqibul Hasan (BDESH),2008-2011,4,42,25.595238095238095,89,29.05,64.06,0.0,0.16666666666666666,
PR Stirling (IRE),2010-2014,5,29,36.44827586206897,177,36.44,104.44,0.1724137931034483,0.034482758620689655,
DM Bravo (WI),2010-2013,4,40,25.55,86,28.38,66.27,0.0,0.175,
SK Raina (INDIA),2007-2010,4,33,30.757575757575758,116,36.25,91.77,0.06060606060606061,0.24242424242424243,
M Azharuddin (INDIA),1985-1987,3,37,27.2972972972973,108,33.66,60.19,0.02702702702702703,0.10810810810810811,
RG Sharma (INDIA),2007-2011,5,40,25.075,114,27.86,75.58,0.05,0.1,
PA de Silva (SL),1985-1989,5,31,32.12903225806452,88,32.12,76.14,0.0,0.3225806451612903,
LRPL Taylor (NZ),2006-2008,3,34,29.294117647058822,128,35.57,82.24,0.058823529411764705,0.11764705882352941,
A Jadeja (INDIA),1992-1994,3,27,35.666666666666664,104,37.03,58.61,0.037037037037037035,0.2222222222222222,
AA Obanda (KENYA),2008-2011,4,34,27.735294117647058,96,28.57,73.84,0.0,0.17647058823529413,
SR Waugh (AUS),1986-1989,4,30,31.233333333333334,83,36.03,75.08,0.0,0.16666666666666666,
CD McMillan (NZ),1997-2000,4,41,22.609756097560975,86,23.17,63.49,0.0,0.12195121951219512,
AP Gurusinha (SL),1986-1990,5,34,27.029411764705884,88,27.02,56.31,0.0,0.20588235294117646,
RS Mahanama (SL),1986-1990,5,35,25.685714285714287,98,26.44,57.51,0.0,0.2,
Imrul Kayes (BDESH),2008-2010,3,30,29.8,101,29.80,65.35,0.03333333333333333,0.2,
DD Ebrahim (ZIM),2001-2004,4,43,20.162790697674417,121,20.64,54.56,0.023255813953488372,0.046511627906976744,
HDRL Thirimanne (SL),2010-2013,4,27,31.555555555555557,102,34.08,67.94,0.037037037037037035,0.2222222222222222,
MN Samuels (WI),2001-2003,3,25,33.76,108,40.19,80.68,0.04,0.28,
JA Rudolph (SA),2003-2005,3,27,31.185185185185187,81,35.08,68.39,0.0,0.14814814814814814,
RJ Shastri (INDIA),1983-1986,4,27,31.14814814814815,102,33.64,58.77,0.07407407407407407,0.2222222222222222,
SB Smith (AUS),1983-1985,3,22,37.95454545454545,117,41.75,65.18,0.09090909090909091,0.36363636363636365,
Rahmat Shah (AFG),2014-2017,4,25,33.08,108,35.95,68.17,0.08,0.2,
A Ranatunga (SL),1984-1987,4,28,28.357142857142858,86,33.08,78.30,0.0,0.21428571428571427,
KR Rutherford (NZ),1986-1988,3,31,25.225806451612904,79,26.06,58.53,0.0,0.1935483870967742,
CJ Chibhabha (ZIM),2006-2010,5,33,23.636363636363637,73,23.63,58.77,0.0,0.18181818181818182,
ADR Campbell (ZIM),1993-1996,4,33,23.606060606060606,131,25.12,59.83,0.030303030303030304,0.12121212121212122,
M Kaif (INDIA),2002-2004,3,26,29.923076923076923,95,35.36,67.47,0.0,0.23076923076923078,
MJ Clarke (AUS),2003-2005,3,19,40.73684210526316,105,59.53,82.95,0.10526315789473684,0.2631578947368421,
Saeed Anwar (PAK),1989-1991,3,27,28.666666666666668,126,29.76,87.55,0.07407407407407407,0.037037037037037035,
S Matsikenyeri (ZIM),2003-2007,5,40,19.325,75,19.82,62.03,0.0,0.1,
KOA Powell (WI),2011-2014,4,26,29.5,83,29.50,81.85,0.0,0.2692307692307692,
TWM Latham (NZ),2012-2016,5,29,26.17241379310345,110,29.19,74.33,0.034482758620689655,0.13793103448275862,
Anamul Haque (BDESH),2013-2015,3,22,34.31818181818182,109,34.31,69.71,0.09090909090909091,0.13636363636363635,
Imran Farhat (PAK),2003-2006,4,21,35.523809523809526,107,37.30,73.35,0.047619047619047616,0.19047619047619047,
Ijaz Ahmed (PAK),1988-1992,5,27,27.51851851851852,124,32.30,88.13,0.07407407407407407,0.1111111111111111,
Soumya Sarkar (BDESH),2014-2016,3,20,36.2,127,40.22,99.45,0.05,0.2,
CK Kapugedera (SL),2007-2011,5,34,21.058823529411764,75,22.37,70.96,0.0,0.08823529411764706,
AN Cook (ENG),2006-2008,3,23,30.52173913043478,102,30.52,68.15,0.043478260869565216,0.13043478260869565,
SC Williams (ZIM),2006-2009,4,26,26.73076923076923,71,28.95,70.55,0.0,0.2692307692307692,
Rajin Saleh (BDESH),2004-2006,3,32,21.6875,108,22.38,55.47,0.03125,0.125,
WTS Porterfield (IRE),2006-2008,3,27,25.37037037037037,112,27.40,59.41,0.07407407407407407,0.07407407407407407,
H Masakadza (ZIM),2004-2007,4,35,19.285714285714285,75,20.45,63.92,0.0,0.14285714285714285,
Umar Akmal (PAK),2010-2014,5,21,31.857142857142858,91,35.21,86.21,0.0,0.23809523809523808,
Mohammad Shahzad (AFG),2009-2011,3,16,40.75,118,43.46,91.57,0.1875,0.1875,
D Ganga (WI),1999-2002,4,24,27.125,71,27.12,60.95,0.0,0.3333333333333333,
DA Gunawardene (SL),1998-2000,3,22,28.818181818181817,132,28.81,85.21,0.045454545454545456,0.13636363636363635,
AC Parore (NZ),1992-1995,4,16,39.5625,108,45.21,67.99,0.0625,0.3125,
K Srikkanth (INDIA),1981-1983,3,24,26.0,95,26.00,71.80,0.0,0.125,
DI Gower (ENG),1978-1981,4,24,25.208333333333332,114,30.25,72.71,0.08333333333333333,0.08333333333333333,
Abdul Razzaq (PAK),2000-2003,4,21,28.761904761904763,112,30.20,62.07,0.047619047619047616,0.14285714285714285,
Imran Nazir (PAK),2002-2004,3,26,23.23076923076923,66,24.16,80.00,0.0,0.15384615384615385,
Kamran Akmal (PAK),2002-2005,4,18,31.22222222222222,124,33.05,84.51,0.16666666666666666,0.0,
JP Duminy (SA),2006-2008,3,17,32.88235294117647,79,50.81,73.45,0.0,0.17647058823529413,
MW Machan (SCOT),2013-2015,3,15,36.53333333333333,114,36.53,76.00,0.06666666666666667,0.13333333333333333,
DL Haynes (WI),1978-1980,3,15,35.06666666666667,148,35.06,62.32,0.06666666666666667,0.13333333333333333,
RV Uthappa (INDIA),2006-2008,3,21,24.0,86,24.00,88.26,0.0,0.19047619047619047,
N Dickwella (SL),2014-2017,4,13,38.53846153846154,94,38.53,95.61,0.0,0.3076923076923077,
DJ Bravo (WI),2004-2007,4,15,33.266666666666666,112,49.90,85.59,0.06666666666666667,0.13333333333333333,
HH Dippenaar (SA),1999-2001,3,14,35.5,77,45.18,60.90,0.0,0.35714285714285715,
IK Pathan (INDIA),2005-2008,4,21,23.476190476190474,83,25.94,78.12,0.0,0.14285714285714285,
Javed Ahmadi (AFG),2012-2015,4,18,27.166666666666668,81,27.16,88.42,0.0,0.2777777777777778,
GW Flower (ZIM),1992-1994,3,18,27.0,84,28.58,53.28,0.0,0.2777777777777778,
BG Rogers (ZIM),2002-2005,4,15,31.866666666666667,84,31.86,69.37,0.0,0.3333333333333333,
HP Tillakaratne (SL),1989-1991,3,15,30.4,76,30.40,48.61,0.0,0.2,
Mushfiqur Rahim (BDESH),2007-2011,5,22,20.5,98,20.50,64.24,0.0,0.09090909090909091,
Taufeeq Umar (PAK),2001-2005,5,19,23.526315789473685,81,24.83,57.45,0.0,0.15789473684210525,
Saleem Malik (PAK),1984-1987,4,24,18.25,84,19.04,70.87,0.0,0.08333333333333333,
Mominul Haque (BDESH),2013-2015,3,17,25.11764705882353,60,25.11,72.86,0.0,0.17647058823529413,
T Taibu (ZIM),2003-2005,3,21,20.238095238095237,96,21.25,59.10,0.0,0.14285714285714285,
Mehrab Hossain (BDESH),1999-2002,4,14,29.071428571428573,101,29.07,59.07,0.07142857142857142,0.14285714285714285,
AN Kervezee (NL),2010-2012,3,14,28.642857142857142,92,30.84,85.86,0.0,0.14285714285714285,
RR Patel (KENYA),2009-2012,4,18,22.166666666666668,92,23.47,61.66,0.0,0.05555555555555555,
RS Bopara (ENG),2007-2009,3,14,27.571428571428573,60,27.57,70.56,0.0,0.14285714285714285,
Noor Ali Zadran (AFG),2009-2012,4,14,26.5,114,28.53,70.66,0.07142857142857142,0.07142857142857142,
Shahriar Hossain (BDESH),1997-2000,4,17,21.176470588235293,95,21.17,54.87,0.0,0.11764705882352941,
TJ Friend (ZIM),2002-2004,3,16,22.4375,91,22.43,86.29,0.0,0.1875,
RL Powell (WI),1999-2002,4,16,20.25,37,21.60,99.69,0.0,0.0,
T Mishra (KENYA),2007-2010,4,11,27.818181818181817,66,34.00,78.86,0.0,0.18181818181818182,
CL Hooper (WI),1987-1990,4,14,21.357142857142858,62,29.90,65.00,0.0,0.07142857142857142,
DSBP Kuruppu (SL),1983-1985,3,15,19.533333333333335,72,19.53,48.11,0.0,0.13333333333333333,
GC Wilson (IRE),2007-2009,3,16,18.125,51,19.33,65.46,0.0,0.125,
R Gunasekera (CAN),2011-2014,4,11,24.363636363636363,72,24.36,69.25,0.0,0.36363636363636365,
Al Sahariar (BDESH),1999-2002,4,13,19.923076923076923,62,21.58,52.42,0.0,0.15384615384615385,
MA Vermeulen (ZIM),2000-2003,4,10,25.8,79,32.25,68.80,0.0,0.2,
E Chigumbura (ZIM),2006-2010,5,15,17.066666666666666,79,17.06,90.45,0.0,0.06666666666666667,
ADS Fletcher (WI),2008-2010,3,13,18.692307692307693,54,18.69,70.43,0.0,0.15384615384615385,
HH Gibbs (SA),1996-1998,3,13,18.615384615384617,35,18.61,68.36,0.0,0.0,
NS Poonia (SCOT),2006-2009,4,20,11.85,67,11.85,63.20,0.0,0.05,
Javed Miandad (PAK),1977-1980,4,13,18.076923076923077,77,21.36,57.59,0.0,0.07692307692307693,
GJ Whittall (ZIM),1993-1996,4,12,19.5,70,19.50,51.31,0.0,0.16666666666666666,
Mohammad Wasim (PAK),1997-2000,4,10,18.5,76,20.55,50.82,0.0,0.1,
DO Obuya (KENYA),2001-2003,3,14,13.0,57,13.00,48.02,0.0,0.07142857142857142,
FRJ Coleman (SCOT),2013-2015,3,12,15.083333333333334,70,15.08,62.62,0.0,0.08333333333333333,
Liton Das (BDESH),2015-2017,3,12,13.75,36,15.00,76.74,0.0,0.0,
BB McCullum (NZ),2002-2005,4,11,13.909090909090908,51,15.30,69.23,0.0,0.09090909090909091,
MH Cross (SCOT),2014-2016,3,10,12.6,55,12.60,77.30,0.0,0.1,
Alok Kapali (BDESH),2004-2006,3,10,9.0,28,9.00,58.82,0.0,0.0,
MV Boucher (SA),1998-2000,3,12,7.5,34,7.50,59.21,0.0,0.0,
Tushar Imran (BDESH),2005-2007,3,11,7.636363636363637,32,7.63,45.16,0.0,0.0,
JE Root (ENG),2013-2015,3,57,37.666666666666664,121,41.28,82.26,0.10526315789473684,0.17543859649122806,
V Sehwag (INDIA),2001-2003,3,62,34.11290322580645,126,37.10,97.01,0.08064516129032258,0.16129032258064516,
MJ Guptill (NZ),2009-2011,3,50,31.44,122,35.72,79.75,0.02,0.22,
IR Bell (ENG),2004-2007,4,36,36.47222222222222,88,37.51,68.70,0.0,0.2777777777777778,
Rameez Raja (PAK),1985-1987,3,49,26.163265306122447,66,27.86,60.07,0.0,0.14285714285714285,
Younis Khan (PAK),2000-2002,3,47,24.914893617021278,87,27.23,62.78,0.0,0.14893617021276595,
KC Sangakkara (SL),2000-2002,3,42,26.261904761904763,85,29.02,69.50,0.0,0.16666666666666666,
MDKJ Perera (SL),2013-2015,3,43,24.558139534883722,116,26.40,90.72,0.046511627906976744,0.11627906976744186,
WJ Cronje (SA),1992-1994,3,36,28.47222222222222,112,31.06,64.30,0.027777777777777776,0.1111111111111111,
WW Hinds (WI),1999-2001,3,35,28.485714285714284,116,30.21,59.66,0.02857142857142857,0.2,
Basit Ali (PAK),1993-1995,3,28,33.607142857142854,127,39.20,76.25,0.03571428571428571,0.21428571428571427,
JN Rhodes (SA),1992-1994,3,35,26.0,66,31.37,70.65,0.0,0.08571428571428572,
J Charles (WI),2012-2014,3,30,28.966666666666665,130,28.96,80.46,0.06666666666666667,0.06666666666666667,
L Vincent (NZ),2001-2003,3,41,19.658536585365855,60,20.66,57.40,0.0,0.07317073170731707,
BA Edgar (NZ),1978-1981,4,20,34.4,102,45.86,55.04,0.05,0.15,
TM Head (AUS),2016-2018,3,18,37.166666666666664,128,41.81,91.02,0.05555555555555555,0.2222222222222222,
GM Wood (AUS),1978-1981,4,20,32.8,108,34.52,57.24,0.05,0.15,
KD Karthik (INDIA),2006-2010,5,23,25.73913043478261,79,28.19,74.00,0.0,0.13043478260869565,
MA Ouma (KENYA),2004-2007,4,29,19.0,58,19.67,61.08,0.0,0.10344827586206896,
MJ Slater (AUS),1993-1995,3,22,24.0,73,24.00,57.76,0.0,0.18181818181818182,
DM Jones (AUS),1984-1986,3,19,25.94736842105263,99,37.92,81.08,0.0,0.21052631578947367,
Mohammad Hafeez (PAK),2003-2005,3,27,17.814814814814813,69,17.81,51.44,0.0,0.1111111111111111,
Nizakat Khan (HKG),2014-2017,4,12,39.0,94,39.00,84.93,0.0,0.16666666666666666,
Babar Hayat (HKG),2014-2016,3,12,35.416666666666664,82,38.63,80.79,0.0,0.4166666666666667,
MR Marsh (AUS),2014-2016,3,12,34.833333333333336,89,38.00,84.95,0.0,0.25,
G Gambhir (INDIA),2003-2006,4,15,27.2,103,27.20,76.26,0.06666666666666667,0.06666666666666667,
AM Rahane (INDIA),2011-2013,3,16,25.25,91,25.25,72.66,0.0,0.125,
BA Stokes (ENG),2014-2016,3,19,20.36842105263158,70,21.50,86.96,0.0,0.10526315789473684,
Asghar Stanikzai (AFG),2009-2012,4,15,25.6,66,27.42,57.74,0.0,0.2,
CB Wishart (ZIM),1996-1998,3,17,22.176470588235293,102,22.17,70.46,0.058823529411764705,0.0,
AL Logie (WI),1983-1985,3,17,21.352941176470587,88,45.37,87.89,0.0,0.058823529411764705,
CL Cairns (NZ),1992-1995,4,13,26.53846153846154,72,31.36,71.87,0.0,0.07692307692307693,
DB Vengsarkar (INDIA),1978-1981,4,17,20.176470588235293,66,20.17,52.76,0.0,0.11764705882352941,
TM Odoyo (KENYA),2001-2003,3,14,24.428571428571427,51,26.30,68.53,0.0,0.07142857142857142,
DA Marillier (ZIM),2000-2003,4,15,22.066666666666666,100,22.06,65.54,0.06666666666666667,0.06666666666666667,
Javed Omar (BDESH),1998-2001,4,12,27.416666666666668,85,36.55,53.49,0.0,0.25,
Saleem Elahi (PAK),1998-2001,4,11,29.818181818181817,79,32.80,66.93,0.0,0.18181818181818182,
A Flintoff (ENG),2000-2002,3,13,24.0,52,26.00,105.05,0.0,0.15384615384615385,
WM Darling (AUS),1979-1982,4,14,22.071428571428573,74,23.76,56.48,0.0,0.07142857142857142,
ST Jayasuriya (SL),1992-1994,3,19,15.157894736842104,65,16.00,64.71,0.0,0.10526315789473684,
L Siaka (PNG),2014-2017,4,13,22.153846153846153,109,22.15,80.00,0.07692307692307693,0.0,
CS MacLeod (SCOT),2011-2013,3,12,22.75,99,24.81,60.00,0.0,0.08333333333333333,
RS Madugalle (SL),1982-1984,3,12,22.75,60,27.30,58.33,0.0,0.08333333333333333,
MH Dekker (ZIM),1992-1994,3,11,24.727272727272727,79,27.20,49.00,0.0,0.18181818181818182,
HJW Gardiner (SCOT),2013-2015,3,11,23.818181818181817,96,23.81,66.16,0.0,0.18181818181818182,
WV Raman (INDIA),1988-1990,3,13,19.692307692307693,95,19.69,56.01,0.0,0.15384615384615385,
OA Shah (ENG),2001-2003,3,12,21.333333333333332,62,23.27,63.84,0.0,0.16666666666666666,
MJ Prior (ENG),2004-2006,3,11,21.545454545454547,45,21.54,72.25,0.0,0.0,
GEF Barnett (CAN),2006-2008,3,12,18.916666666666668,77,18.91,57.17,0.0,0.08333333333333333,
LMP Simmons (WI),2006-2009,4,11,19.363636363636363,70,21.30,57.10,0.0,0.18181818181818182,
Mansoor Akhtar (PAK),1980-1982,3,11,17.0,40,17.00,60.51,0.0,0.0,
TN Madondo (ZIM),1998-2001,4,12,15.083333333333334,71,16.45,57.27,0.0,0.08333333333333333,
N Kapil Dev (INDIA),1981-1983,3,10,17.8,72,19.77,116.33,0.0,0.1,
DR Smith (WI),2004-2007,4,10,14.7,62,16.33,92.45,0.0,0.1,
SC Ganguly (INDIA),1996-1998,3,62,39.0,124,40.98,69.20,0.06451612903225806,0.24193548387096775,
Mohammad Yousuf (PAK),1998-2000,3,54,33.46296296296296,104,39.28,70.72,0.05555555555555555,0.24074074074074073,
R Dravid (INDIA),1996-1999,4,54,33.111111111111114,123,34.38,64.54,0.037037037037037035,0.2222222222222222,
NJ Astle (NZ),1995-1997,3,40,34.1,120,34.10,71.82,0.1,0.2,
MS Dhoni (Asia/INDIA),2005-2007,3,26,47.03846153846154,183,58.23,99.83,0.07692307692307693,0.2692307692307692,
SPD Smith (AUS),2011-2015,5,24,49.666666666666664,105,56.76,88.62,0.16666666666666666,0.2916666666666667,
KP Pietersen (ENG),2004-2006,3,23,49.56521739130435,116,63.33,96.28,0.13043478260869565,0.34782608695652173,
Nasir Jamshed (PAK),2012-2015,4,36,29.583333333333332,112,30.42,69.51,0.08333333333333333,0.1111111111111111,
DA Warner (AUS),2009-2012,4,34,30.88235294117647,163,30.88,81.83,0.058823529411764705,0.14705882352941177,
DC Boon (AUS),1984-1986,3,31,33.354838709677416,111,33.35,67.18,0.03225806451612903,0.16129032258064516,
NS Sidhu (INDIA),1987-1989,3,23,41.82608695652174,108,43.72,71.15,0.043478260869565216,0.43478260869565216,
TLW Cooper (NL),2010-2012,3,19,48.21052631578947,101,53.88,71.00,0.05263157894736842,0.42105263157894735,
D Mongia (INDIA),2001-2003,3,32,26.34375,159,29.06,70.78,0.03125,0.0625,
C Kieswetter (ENG),2010-2013,4,29,28.724137931034484,107,30.85,94.76,0.034482758620689655,0.1724137931034483,
AR Border (AUS),1979-1981,3,27,27.0,105,29.16,59.55,0.037037037037037035,0.1111111111111111,
JWA Taylor (ENG),2013-2015,3,18,40.166666666666664,101,48.20,77.82,0.05555555555555555,0.3333333333333333,
Aamer Sohail (PAK),1990-1992,3,20,32.8,114,32.80,62.00,0.05,0.2,
SL Campbell (WI),1994-1996,3,25,24.28,86,24.28,54.05,0.0,0.08,
DA Miller (SA),2013-2015,3,15,37.53333333333333,138,56.30,107.64,0.13333333333333333,0.06666666666666667,
MA Atherton (ENG),1990-1994,5,14,39.92857142857143,86,43.00,55.45,0.0,0.35714285714285715,
KJ O'Brien (IRE),2007-2009,3,19,28.894736842105264,142,30.50,80.85,0.05263157894736842,0.10526315789473684,
KA Pollard (WI),2010-2013,4,14,39.142857142857146,109,45.66,111.38,0.07142857142857142,0.21428571428571427,
CM Spearman (NZ),1995-1998,4,30,17.7,78,17.70,78.20,0.0,0.06666666666666667,
HK Badani (INDIA),2000-2002,3,21,24.714285714285715,100,30.52,69.47,0.047619047619047616,0.14285714285714285,
GM Ritchie (AUS),1984-1986,3,22,21.636363636363637,84,25.05,59.87,0.0,0.13636363636363635,
Mudassar Nazar (PAK),1978-1982,5,16,29.25,79,29.25,51.48,0.0,0.25,
ME Waugh (AUS),1988-1991,4,21,22.285714285714285,67,24.63,86.98,0.0,0.09523809523809523,
SV Manjrekar (INDIA),1988-1991,4,13,34.15384615384615,82,40.36,59.83,0.0,0.3076923076923077,
AD Mathews (SL),2009-2013,5,17,24.41176470588235,75,41.50,92.63,0.0,0.17647058823529413,
PL Mommsen (SCOT),2010-2013,4,16,24.0,91,27.42,57.57,0.0,0.1875,
ES Szwarczynski (NL),2006-2008,3,12,31.833333333333332,56,34.72,71.40,0.0,0.3333333333333333,
Shoaib Mohammad (PAK),1984-1987,4,17,22.41176470588235,72,23.81,47.15,0.0,0.17647058823529413,
GJ Maxwell (AUS),2012-2014,3,12,31.583333333333332,93,34.45,125.49,0.0,0.3333333333333333,
CJ Anderson (NZ),2013-2016,4,12,31.25,131,37.50,147.05,0.08333333333333333,0.0,
Sabbir Rahman (BDESH),2014-2017,4,15,24.933333333333334,65,24.93,85.97,0.0,0.2,
GA Gooch (ENG),1976-1979,4,12,29.833333333333332,94,32.54,59.56,0.0,0.25,
DS Smith (WI),2004-2007,4,14,25.571428571428573,61,29.83,65.80,0.0,0.07142857142857142,
SD Outerbridge (BMUDA),2006-2009,4,23,14.608695652173912,56,14.60,54.90,0.0,0.043478260869565216,
A Symonds (AUS),1999-2001,3,10,33.6,68,37.33,100.90,0.0,0.2,
RD Berrington (SCOT),2009-2013,5,14,23.428571428571427,84,23.42,70.53,0.0,0.21428571428571427,
SR Watson (AUS),2004-2007,4,11,28.545454545454547,79,34.88,82.63,0.0,0.36363636363636365,
GS Blewett (AUS),1995-1997,3,14,22.214285714285715,57,25.91,61.58,0.0,0.14285714285714285,
GS Ballance (ENG),2013-2015,3,14,21.142857142857142,79,21.14,66.96,0.0,0.14285714285714285,
J Mubarak (SL),2003-2006,4,14,19.071428571428573,61,19.07,60.68,0.0,0.14285714285714285,
KJ Hughes (AUS),1977-1980,4,17,15.588235294117647,52,17.66,60.64,0.0,0.11764705882352941,
Jahurul Islam (BDESH),2010-2012,3,10,23.3,53,23.30,69.13,0.0,0.1,
Fawad Alam (PAK),2008-2010,3,11,20.727272727272727,64,28.50,74.26,0.0,0.09090909090909091,
DLS van Bunge (NL),2006-2008,3,13,16.153846153846153,34,17.50,57.06,0.0,0.0,
JDP Oram (NZ),2001-2004,4,10,16.2,59,16.20,88.52,0.0,0.1,
VVS Laxman (INDIA),1998-2000,3,10,6.2,23,6.20,28.18,0.0,0.0,
ME Trescothick (ENG),2000-2002,3,50,36.66,137,37.40,89.02,0.08,0.18,
Yasir Hameed (PAK),2003-2005,3,46,37.108695652173914,127,37.93,68.47,0.06521739130434782,0.1956521739130435,
JJ Roy (ENG),2015-2017,3,45,32.48888888888889,162,34.00,101.10,0.06666666666666667,0.2,
HJH Marshall (NZ),2003-2006,4,46,25.282608695652176,101,29.82,71.13,0.021739130434782608,0.21739130434782608,
ND McKenzie (SA),2000-2002,3,33,33.90909090909091,131,39.96,67.28,0.06060606060606061,0.15151515151515152,
JD Ryder (NZ),2008-2011,4,30,34.7,107,35.89,90.99,0.06666666666666667,0.16666666666666666,
A Flower (ZIM),1992-1995,4,33,31.151515151515152,115,33.16,67.67,0.030303030303030304,0.21212121212121213,
RR Rossouw (SA),2014-2016,3,29,34.241379310344826,132,35.46,91.26,0.06896551724137931,0.20689655172413793,
SE Marsh (AUS),2008-2010,3,26,37.96153846153846,112,39.48,76.15,0.038461538461538464,0.2692307692307692,
HM Amla (SA),2008-2010,3,23,42.130434782608695,140,48.45,84.18,0.043478260869565216,0.30434782608695654,
MD Gunathilaka (SL),2015-2017,3,30,30.533333333333335,116,30.53,85.76,0.03333333333333333,0.23333333333333334,
Asad Shafiq (PAK),2010-2012,3,33,27.606060606060606,78,30.36,68.91,0.0,0.21212121212121213,
A Bagai (CAN),2006-2008,3,30,29.933333333333334,137,33.25,63.01,0.06666666666666667,0.2,
GP Thorpe (ENG),1994-1996,3,23,37.56521739130435,89,45.47,70.99,0.0,0.34782608695652173,
MJ Greatbatch (NZ),1988-1990,3,30,28.733333333333334,111,33.15,74.82,0.06666666666666667,0.13333333333333333,
JG Wright (NZ),1978-1981,4,22,36.04545454545455,81,37.76,52.23,0.0,0.2727272727272727,
PV Simmons (WI),1987-1989,3,25,31.48,104,32.79,74.03,0.04,0.2,
GA Hick (ENG),1991-1993,3,23,33.69565217391305,105,38.75,76.65,0.043478260869565216,0.2608695652173913,
MG Bevan (AUS),1994-1997,4,20,37.85,103,47.31,69.25,0.05,0.2,
Haris Sohail (PAK),2013-2015,3,18,40.388888888888886,89,48.46,81.41,0.0,0.3888888888888889,
JM How (NZ),2005-2008,4,18,39.888888888888886,139,42.23,72.96,0.05555555555555555,0.3333333333333333,
NJ O'Brien (IRE),2006-2008,3,29,24.413793103448278,72,25.28,64.89,0.0,0.2413793103448276,
TD Paine (AUS),2009-2011,3,24,29.208333333333332,111,29.20,68.45,0.041666666666666664,0.20833333333333334,
RA Smith (ENG),1988-1990,3,19,36.36842105263158,128,43.18,74.14,0.10526315789473684,0.21052631578947367,
L Klusener (SA),1996-1998,3,23,28.73913043478261,99,30.04,83.45,0.0,0.21739130434782608,
TM Moody (AUS),1990-1992,3,23,28.73913043478261,89,30.04,65.05,0.0,0.30434782608695654,
A Balbirnie (IRE),2014-2017,4,28,23.571428571428573,97,25.38,73.41,0.0,0.14285714285714285,
MA Taylor (AUS),1989-1991,3,19,33.473684210526315,76,33.47,59.88,0.0,0.3157894736842105,
MS Sinclair (NZ),2000-2002,3,23,26.782608695652176,118,28.00,62.03,0.08695652173913043,0.13043478260869565,
CJ Nevin (NZ),2000-2002,3,25,23.84,74,23.84,79.78,0.0,0.16,
KO Otieno (KENYA),1996-1998,3,18,31.333333333333332,144,33.17,64.38,0.05555555555555555,0.1111111111111111,
JJ Crowe (NZ),1983-1985,3,29,18.93103448275862,57,22.87,58.71,0.0,0.13793103448275862,
SM Patil (INDIA),1980-1983,4,20,26.1,84,27.47,96.30,0.0,0.3,
RP Arnold (SL),1997-2000,4,18,27.833333333333332,103,31.31,67.33,0.05555555555555555,0.1111111111111111,
SO Tikolo (KENYA),1996-1998,3,19,26.36842105263158,96,26.36,73.78,0.0,0.21052631578947367,
PD Collingwood (ENG),2001-2003,3,11,41.72727272727273,100,57.37,84.06,0.09090909090909091,0.2727272727272727,
MS Wade (AUS),2012-2014,3,18,25.0,75,25.00,65.59,0.0,0.16666666666666666,
Asif Mujtaba (PAK),1992-1994,3,14,31.428571428571427,113,40.00,65.96,0.07142857142857142,0.14285714285714285,
MW Gatting (ENG),1980-1984,5,14,29.214285714285715,96,40.90,71.62,0.0,0.14285714285714285,
JC Buttler (ENG),2014-2017,4,10,39.4,116,49.25,145.92,0.2,0.1,
GS Chappell (AUS),1972-1975,4,11,35.54545454545455,75,43.44,77.88,0.0,0.18181818181818182,
AJ Hall (SA),2000-2002,3,17,22.647058823529413,81,22.64,69.24,0.0,0.058823529411764705,
R Mutumbami (ZIM),2014-2016,3,18,20.666666666666668,74,20.66,71.12,0.0,0.1111111111111111,
RM Haq (SCOT),2007-2009,3,15,24.6,71,24.60,68.58,0.0,0.2,
HS Modi (KENYA),1996-1998,3,10,32.0,71,32.00,70.02,0.0,0.3,
CJ Ferguson (AUS),2009-2011,3,11,27.90909090909091,71,38.37,89.76,0.0,0.18181818181818182,
PJ Moor (ZIM),2015-2017,3,13,19.53846153846154,52,21.16,58.93,0.0,0.15384615384615385,
PW Borren (NL),2007-2010,4,12,20.75,96,20.75,84.69,0.0,0.16666666666666666,
JR Ratnayeke (SL),1985-1987,3,10,17.4,50,17.40,38.32,0.0,0.1,
FDM Karunaratne (SL),2011-2015,5,11,14.727272727272727,60,14.72,64.54,0.0,0.09090909090909091,
RW Chakabva (ZIM),2010-2014,5,10,15.0,45,15.00,48.23,0.0,0.0,
