Player,Span,Years,Inns,R/I,HS,Avg,SR,100/I,50/I,6+4/BF
V Kohli (INDIA),2009-2012,4,82,45.451219512195124,183,53.24,87.54,0.15853658536585366,0.24390243902439024,
SR Tendulkar (INDIA),1993-1997,5,87,40.9080459770115,137,44.48,85.55,0.12643678160919541,0.21839080459770116,
Yuvraj Singh (INDIA),2002-2005,4,99,29.68686868686869,139,34.57,85.48,0.050505050505050504,0.18181818181818182,
CH Gayle (WI),1999-2003,5,71,38.267605633802816,152,38.81,78.25,0.07042253521126761,0.2535211267605634,
JH Kallis (SA),1996-1999,4,75,34.0,113,40.47,68.38,0.06666666666666667,0.21333333333333335,
Shoaib Malik (PAK),2002-2005,4,81,30.790123456790123,143,34.16,78.79,0.04938271604938271,0.19753086419753085,
Abdul Razzaq (PAK),2000-2003,4,99,23.07070707070707,112,30.45,80.33,0.010101010101010102,0.10101010101010101,
Shakib Al Hasan (BDESH),2007-2011,5,83,27.180722891566266,108,30.90,79.74,0.04819277108433735,0.18072289156626506,
WU Tharanga (Asia/SL),2005-2009,5,73,29.835616438356166,120,30.25,70.41,0.0821917808219178,0.1232876712328767,
RT Ponting (AUS),1995-1998,4,59,36.779661016949156,145,40.94,72.96,0.0847457627118644,0.2033898305084746,
Salman Butt (PAK),2004-2008,5,54,39.01851851851852,136,41.31,78.64,0.12962962962962962,0.16666666666666666,
Tamim Iqbal (BDESH),2009-2012,4,65,32.184615384615384,154,32.68,88.19,0.03076923076923077,0.24615384615384617,
Mohammad Ashraful (Asia/BDESH),2004-2008,5,88,23.488636363636363,109,26.16,73.97,0.022727272727272728,0.125,
AB de Villiers (Afr/SA),2005-2008,4,62,32.87096774193548,146,36.39,86.02,0.04838709677419355,0.1935483870967742,
GC Smith (SA),2002-2005,4,56,35.642857142857146,99,36.96,73.84,0.0,0.26785714285714285,
DPMD Jayawardene (SL),1998-2001,4,72,27.34722222222222,128,29.83,75.26,0.06944444444444445,0.09722222222222222,
RR Sarwan (WI),2000-2004,5,58,33.39655172413793,104,46.11,78.42,0.034482758620689655,0.15517241379310345,
SK Raina (INDIA),2007-2010,4,60,32.1,116,40.97,97.27,0.05,0.21666666666666667,
Umar Akmal (PAK),2010-2013,4,63,29.714285714285715,91,35.32,85.75,0.0,0.20634920634920634,
Shahriar Nafees (BDESH),2005-2008,4,60,30.95,123,33.76,69.68,0.06666666666666667,0.16666666666666666,
BRM Taylor (ZIM),2006-2009,4,62,29.596774193548388,118,34.62,72.27,0.016129032258064516,0.1935483870967742,
BC Lara (WI),1990-1993,4,49,36.53061224489796,128,40.68,69.43,0.061224489795918366,0.2653061224489796,
E Chigumbura (Afr/ZIM),2006-2010,5,78,22.705128205128204,79,24.94,81.50,0.0,0.1282051282051282,
SP Fleming (NZ),1994-1997,4,61,28.721311475409838,106,31.28,73.76,0.01639344262295082,0.18032786885245902,
Inzamam-ul-Haq (PAK),1991-1993,3,50,34.12,117,38.77,75.28,0.04,0.22,
Shahid Afridi (PAK),2000-2003,4,75,22.573333333333334,108,24.18,100.17,0.013333333333333334,0.14666666666666667,
VG Kambli (INDIA),1992-1995,4,54,30.51851851851852,100,40.19,73.73,0.018518518518518517,0.2037037037037037,
M Kaif (INDIA),2002-2004,3,66,23.87878787878788,111,30.90,73.57,0.015151515151515152,0.13636363636363635,
LD Chandimal (SL),2010-2013,4,61,25.39344262295082,111,30.37,73.20,0.03278688524590164,0.14754098360655737,
MJ Clarke (AUS),2003-2005,3,45,33.333333333333336,105,45.45,89.02,0.044444444444444446,0.17777777777777778,
EJG Morgan (ENG/IRE),2007-2010,4,49,30.081632653061224,115,37.79,80.10,0.061224489795918366,0.16326530612244897,
Aftab Ahmed (BDESH),2006-2008,3,58,24.689655172413794,92,26.51,90.00,0.0,0.1896551724137931,
S Chanderpaul (WI),1994-1998,5,47,30.4468085106383,109,32.52,63.68,0.02127659574468085,0.2127659574468085,
Mushfiqur Rahim (BDESH),2007-2011,5,68,19.83823529411765,98,23.66,69.00,0.0,0.08823529411764706,
Raqibul Hasan (BDESH),2008-2011,4,54,24.22222222222222,89,27.82,61.32,0.0,0.14814814814814814,
KS Williamson (NZ),2010-2013,4,42,30.357142857142858,145,35.41,77.22,0.07142857142857142,0.14285714285714285,
V Sehwag (INDIA),1999-2002,4,41,30.536585365853657,126,34.77,101.95,0.04878048780487805,0.17073170731707318,
RL Powell (WI),1999-2002,4,54,23.11111111111111,124,26.00,98.11,0.018518518518518517,0.09259259259259259,
RG Sharma (INDIA),2007-2011,5,57,21.894736842105264,114,27.13,75.72,0.03508771929824561,0.08771929824561403,
CK Kapugedera (SL),2007-2011,5,57,21.736842105263158,95,24.29,71.24,0.0,0.10526315789473684,
MN Samuels (WI),2001-2005,5,45,27.42222222222222,108,33.35,77.85,0.022222222222222223,0.17777777777777778,
V Sibanda (Afr/ZIM),2003-2007,5,53,22.9811320754717,116,23.88,61.95,0.018867924528301886,0.1509433962264151,
Junaid Siddique (BDESH),2007-2011,5,53,22.566037735849058,100,23.00,68.22,0.018867924528301886,0.11320754716981132,
DD Ebrahim (ZIM),2001-2004,4,63,18.46031746031746,121,19.71,57.34,0.015873015873015872,0.031746031746031744,
CD McMillan (NZ),1997-2000,4,55,20.963636363636365,86,21.35,63.66,0.0,0.09090909090909091,
S Matsikenyeri (ZIM),2003-2007,5,58,19.844827586206897,89,21.31,65.99,0.0,0.08620689655172414,
IK Pathan (INDIA),2004-2008,5,58,19.844827586206897,83,24.48,78.78,0.0,0.08620689655172414,
DM Bravo (WI),2009-2013,5,44,24.954545454545453,86,28.89,67.69,0.0,0.1590909090909091,
T Taibu (Afr/ZIM),2003-2005,3,47,22.51063829787234,96,25.19,62.27,0.0,0.10638297872340426,
PR Stirling (IRE),2010-2013,4,27,38.851851851851855,177,38.85,105.11,0.18518518518518517,0.037037037037037035,
JA Rudolph (SA),2003-2005,3,31,32.29032258064516,81,38.50,70.64,0.0,0.1935483870967742,
A Jadeja (INDIA),1992-1994,3,31,32.25806451612903,104,33.33,58.61,0.03225806451612903,0.1935483870967742,
LRPL Taylor (NZ),2006-2008,3,34,29.294117647058822,128,35.57,82.24,0.058823529411764705,0.11764705882352941,
DJ Bravo (WI),2004-2007,4,55,18.036363636363635,112,24.19,79.10,0.01818181818181818,0.03636363636363636,
HDRL Thirimanne (SL),2010-2013,4,38,26.05263157894737,102,29.11,67.71,0.02631578947368421,0.15789473684210525,
AA Obanda (KENYA),2008-2011,4,34,27.735294117647058,96,28.57,73.84,0.0,0.17647058823529413,
SC Williams (ZIM),2006-2009,4,36,25.805555555555557,75,30.96,72.46,0.0,0.2777777777777778,
Imrul Kayes (BDESH),2008-2010,3,30,29.8,101,29.80,65.35,0.03333333333333333,0.2,
RA Jadeja (INDIA),2009-2012,4,40,21.5,78,28.66,78.61,0.0,0.125,
BB McCullum (NZ),2002-2005,4,51,16.686274509803923,56,22.39,71.51,0.0,0.058823529411764705,
MV Boucher (SA),1998-2000,3,55,15.327272727272728,68,20.56,70.66,0.0,0.10909090909090909,
CJ Chibhabha (ZIM),2006-2010,5,41,20.170731707317074,73,20.17,58.69,0.0,0.14634146341463414,
AC Parore (NZ),1992-1995,4,24,33.625,108,40.35,66.31,0.041666666666666664,0.20833333333333334,
AD Mathews (SL),2008-2011,4,32,24.875,77,34.60,85.13,0.0,0.1875,
ADR Campbell (ZIM),1992-1996,5,35,22.485714285714284,131,23.84,59.71,0.02857142857142857,0.11428571428571428,
RV Uthappa (INDIA),2006-2008,3,34,23.11764705882353,86,27.10,91.92,0.0,0.14705882352941177,
DR Smith (WI),2004-2007,4,52,14.76923076923077,68,15.36,101.58,0.0,0.038461538461538464,
Imran Farhat (PAK),2003-2006,4,22,34.54545454545455,107,36.19,72.58,0.045454545454545456,0.18181818181818182,
Mahmudullah (BDESH),2007-2010,4,33,22.90909090909091,64,34.36,71.93,0.0,0.12121212121212122,
RS Bopara (ENG),2007-2009,3,34,21.970588235294116,60,28.73,71.62,0.0,0.11764705882352941,
Kamran Akmal (PAK),2002-2005,4,28,26.285714285714285,124,32.00,91.65,0.10714285714285714,0.0,
Rajin Saleh (BDESH),2004-2006,3,35,21.02857142857143,108,21.64,53.84,0.02857142857142857,0.11428571428571428,
KA Pollard (WI),2008-2011,4,34,21.058823529411764,94,21.05,104.22,0.0,0.08823529411764706,
AN Cook (ENG),2006-2008,3,23,30.52173913043478,102,30.52,68.15,0.043478260869565216,0.13043478260869565,
H Masakadza (ZIM),2004-2007,4,36,19.333333333333332,75,20.47,64.44,0.0,0.1388888888888889,
D Ganga (WI),1999-2002,4,27,25.59259259259259,71,26.57,61.64,0.0,0.2962962962962963,
Nasir Hossain (BDESH),2011-2013,3,20,34.45,100,45.93,82.02,0.05,0.2,
MF Maharoof (SL),2004-2008,5,47,14.595744680851064,69,19.60,84.06,0.0,0.0425531914893617,
WTS Porterfield (IRE),2006-2008,3,27,25.37037037037037,112,27.40,59.41,0.07407407407407407,0.07407407407407407,
Mashrafe Mortaza (Asia/BDESH),2004-2007,4,42,15.595238095238095,51,19.26,98.34,0.0,0.023809523809523808,
Mohammad Shahzad (AFG),2009-2011,3,16,40.75,118,43.46,91.57,0.1875,0.1875,
DA Gunawardene (SL),1998-2000,3,22,28.818181818181817,132,28.81,85.21,0.045454545454545456,0.13636363636363635,
JP Duminy (SA),2004-2008,5,24,25.75,79,36.35,73.30,0.0,0.125,
KOA Powell (WI),2011-2013,3,20,30.7,83,30.70,79.43,0.0,0.25,
Ijaz Ahmed (PAK),1990-1992,3,31,19.483870967741936,102,26.26,74.84,0.03225806451612903,0.06451612903225806,
Imran Nazir (PAK),2002-2004,3,26,23.23076923076923,66,24.16,80.00,0.0,0.15384615384615385,
TM Odoyo (KENYA),1998-2001,4,27,22.14814814814815,53,26.00,75.50,0.0,0.07407407407407407,
D Ramdin (WI),2005-2009,5,43,13.813953488372093,74,19.80,79.41,0.0,0.046511627906976744,
Naeem Islam (BDESH),2008-2010,3,33,16.484848484848484,73,28.63,65.14,0.0,0.030303030303030304,
HH Dippenaar (SA),1999-2001,3,16,33.4375,77,41.15,61.84,0.0,0.3125,
RR Patel (KENYA),2009-2013,5,26,20.26923076923077,92,23.95,65.30,0.0,0.07692307692307693,
AB Agarkar (INDIA),1998-2001,4,47,10.957446808510639,67,16.09,84.70,0.0,0.02127659574468085,
P Utseya (ZIM),2005-2009,5,53,9.679245283018869,68,14.25,53.21,0.0,0.03773584905660377,
TJ Friend (ZIM),2001-2004,4,32,15.96875,91,17.03,78.37,0.0,0.09375,
NLTC Perera (SL),2009-2013,5,39,12.974358974358974,69,15.81,110.48,0.0,0.02564102564102564,
CZ Harris (NZ),1990-1993,4,31,16.032258064516128,68,22.59,61.50,0.0,0.06451612903225806,
GW Flower (ZIM),1992-1994,3,18,27.0,84,28.58,53.28,0.0,0.2777777777777778,
BG Rogers (ZIM),2002-2005,4,15,31.866666666666667,84,31.86,69.37,0.0,0.3333333333333333,
DP Viljoen (ZIM),1997-2001,5,37,12.81081081081081,63,15.29,61.96,0.0,0.05405405405405406,
GJ Whittall (ZIM),1993-1996,4,29,16.20689655172414,70,18.07,55.81,0.0,0.06896551724137931,
Saqlain Mushtaq (PAK),1997-2000,4,51,8.941176470588236,37,13.81,51.29,0.0,0.0,
Azhar Mahmood (PAK),1996-1998,3,36,12.555555555555555,65,16.74,73.85,0.0,0.05555555555555555,
A Flintoff (ENG),1999-2001,3,21,21.428571428571427,84,23.68,83.48,0.0,0.09523809523809523,
HH Streak (ZIM),1994-1998,5,38,11.842105263157896,43,18.00,64.10,0.0,0.0,
Taufeeq Umar (PAK),2001-2005,5,19,23.526315789473685,81,24.83,57.45,0.0,0.15789473684210525,
AN Kervezee (NL),2010-2012,3,15,27.933333333333334,92,29.92,85.33,0.0,0.13333333333333333,
Mehrab Hossain (BDESH),1999-2002,4,14,29.071428571428573,101,29.07,59.07,0.07142857142857142,0.14285714285714285,
GJ Rennie (ZIM),1996-1999,4,22,18.363636363636363,76,22.44,68.82,0.0,0.09090909090909091,
DA Marillier (ZIM),2000-2002,3,28,14.25,56,16.62,72.28,0.0,0.07142857142857142,
RS Kalpage (SL),1992-1994,3,31,12.709677419354838,51,26.26,63.54,0.0,0.03225806451612903,
Farhad Reza (BDESH),2006-2008,3,29,13.448275862068966,50,16.95,64.89,0.0,0.034482758620689655,
DA Miller (SA),2010-2013,4,18,21.27777777777778,67,29.46,101.05,0.0,0.16666666666666666,
SPD Smith (AUS),2010-2013,4,22,17.272727272727273,46,21.11,86.75,0.0,0.0,
Noor Ali Zadran (AFG),2009-2012,4,14,26.5,114,28.53,70.66,0.07142857142857142,0.07142857142857142,
Asghar Stanikzai (AFG),2009-2011,3,17,21.529411764705884,64,24.40,55.28,0.0,0.11764705882352941,
CL Cairns (NZ),1991-1994,4,19,18.94736842105263,70,24.00,73.46,0.0,0.05263157894736842,
Shahriar Hossain (BDESH),1997-2000,4,17,21.176470588235293,95,21.17,54.87,0.0,0.11764705882352941,
WPUJC Vaas (SL),1994-1998,5,43,8.209302325581396,33,13.57,68.27,0.0,0.0,
Harbhajan Singh (INDIA),2001-2003,3,39,8.871794871794872,46,11.53,89.17,0.0,0.0,
SR Watson (AUS),2002-2005,4,20,17.05,77,31.00,68.06,0.0,0.05,
SCJ Broad (ENG),2006-2010,5,37,9.135135135135135,45,14.69,74.12,0.0,0.0,
DL Vettori (NZ),1999-2003,5,47,7.191489361702128,30,10.24,73.79,0.0,0.0,
T Mishra (KENYA),2007-2010,4,11,27.818181818181817,66,34.00,78.86,0.0,0.18181818181818182,
LE Plunkett (ENG),2005-2007,3,24,12.291666666666666,56,21.07,85.26,0.0,0.041666666666666664,
RD Berrington (SCOT),2008-2010,3,14,20.857142857142858,84,22.46,71.74,0.0,0.14285714285714285,
GC Wilson (IRE),2007-2009,3,16,18.125,51,19.33,65.46,0.0,0.125,
RS Sodhi (INDIA),2000-2002,3,14,20.0,67,25.45,73.49,0.0,0.14285714285714285,
Waqar Younis (PAK),1991-1995,5,37,7.4324324324324325,37,10.57,74.32,0.0,0.0,
Al Sahariar (BDESH),1999-2002,4,13,19.923076923076923,62,21.58,52.42,0.0,0.15384615384615385,
MA Vermeulen (ZIM),2000-2003,4,10,25.8,79,32.25,68.80,0.0,0.2,
ADS Fletcher (WI),2008-2010,3,15,17.066666666666666,54,17.06,70.13,0.0,0.13333333333333333,
Alok Kapali (BDESH),2004-2006,3,21,12.0,55,12.60,59.43,0.0,0.047619047619047616,
ST Jayasuriya (SL),1990-1993,4,23,10.695652173913043,34,11.18,74.32,0.0,0.0,
CO Obuya (KENYA),2001-2003,3,22,11.181818181818182,29,12.94,58.85,0.0,0.0,
Tapash Baisya (BDESH),2003-2006,4,30,8.166666666666666,33,11.13,57.37,0.0,0.0,
HH Gibbs (SA),1996-1998,3,14,17.428571428571427,35,17.42,68.15,0.0,0.0,
NS Poonia (SCOT),2006-2009,4,21,11.285714285714286,67,11.28,62.86,0.0,0.047619047619047616,
DO Obuya (KENYA),2001-2003,3,23,9.869565217391305,57,10.80,46.13,0.0,0.043478260869565216,
P Kumar (INDIA),2007-2010,4,24,9.375,54,13.23,85.22,0.0,0.041666666666666664,
Manjural Islam Rana (BDESH),2004-2006,3,17,13.058823529411764,43,17.07,47.84,0.0,0.0,
Aaqib Javed (PAK),1992-1996,5,27,8.037037037037036,45,18.08,68.45,0.0,0.0,
Khaled Mashud (BDESH),1997-1999,3,22,9.681818181818182,53,12.52,52.46,0.0,0.045454545454545456,
Fawad Alam (PAK),2007-2009,3,12,17.5,63,42.00,73.68,0.0,0.08333333333333333,
DC Thomas (WI),2011-2013,3,18,11.61111111111111,37,12.29,62.95,0.0,0.0,
TG Southee (NZ),2008-2012,5,31,6.709677419354839,32,10.94,88.51,0.0,0.0,
DNT Zoysa (SL),1998-2002,5,29,7.103448275862069,32,13.73,105.64,0.0,0.0,
HS Baidwan (CAN),2008-2011,4,16,12.5625,33,22.33,67.00,0.0,0.0,
CK Coventry (ZIM),2003-2006,4,10,19.9,74,19.90,85.77,0.0,0.1,
BC Hollioake (ENG),1998-2001,4,13,15.076923076923077,53,17.81,80.00,0.0,0.07692307692307693,
Mohammad Sami (PAK),2001-2004,4,33,5.909090909090909,23,13.00,61.90,0.0,0.0,
ASA Perera (SL),1998-2001,4,13,15.0,56,17.72,75.87,0.0,0.07692307692307693,
AO Suji (KENYA),1996-1999,4,16,11.625,67,13.28,63.26,0.0,0.0625,
Mohammad Wasim (PAK),1997-2000,4,10,18.5,76,20.55,50.82,0.0,0.1,
WD Parnell (SA),2009-2012,4,13,14.0,49,18.20,74.89,0.0,0.0,
RW Chakabva (ZIM),2008-2011,4,10,17.6,45,19.55,59.45,0.0,0.0,
KS Lokuarachchi (SL),2003-2006,4,13,13.384615384615385,69,15.81,78.02,0.0,0.07692307692307693,
Moin Khan (PAK),1991-1995,5,19,9.157894736842104,20,13.38,78.37,0.0,0.0,
ML Nkala (ZIM),2001-2005,5,19,9.105263157894736,47,11.53,58.44,0.0,0.0,
Usman Limbada (CAN),2010-2013,4,10,17.0,50,18.88,68.82,0.0,0.1,
DR Martyn (AUS),1992-1994,3,10,16.6,51,18.44,79.80,0.0,0.1,
Hasibul Hossain (BDESH),1997-2000,4,20,8.0,21,8.88,74.76,0.0,0.0,
Z Khan (INDIA),2000-2002,3,23,6.956521739130435,32,12.30,76.92,0.0,0.0,
CL White (AUS),2005-2007,3,10,15.7,45,22.42,116.29,0.0,0.0,
MA Ouma (KENYA),2004-2006,3,11,13.636363636363637,49,13.63,44.11,0.0,0.0,
AD Poynter (IRE),2008-2010,3,11,13.545454545454545,78,18.62,56.65,0.0,0.09090909090909091,
Tushar Imran (BDESH),2005-2007,3,15,9.866666666666667,32,9.86,49.66,0.0,0.0,
CS Baugh (WI),2003-2006,4,11,13.272727272727273,29,24.33,81.56,0.0,0.0,
Mushtaq Ahmed (PAK),1990-1993,4,31,4.483870967741935,17,6.61,56.04,0.0,0.0,
KAJ Roach (WI),2008-2012,5,25,5.52,24,11.50,48.59,0.0,0.0,
T Mupariwa (ZIM),2006-2009,4,21,6.523809523809524,33,9.78,52.69,0.0,0.0,
JK Kamande (KENYA),1999-2002,4,11,12.181818181818182,32,19.14,47.85,0.0,0.0,
A Kumble (INDIA),1990-1994,5,21,6.380952380952381,24,10.30,63.20,0.0,0.0,
RS Kaluwitharana (SL),1990-1993,4,13,10.076923076923077,31,11.90,75.72,0.0,0.0,
RJ Trott (BMUDA),2007-2009,3,10,13.0,48,21.66,52.20,0.0,0.0,
AM Blignaut (ZIM),1999-2001,3,12,10.583333333333334,27,12.70,76.50,0.0,0.0,
A Maregwede (ZIM),2003-2005,3,11,11.272727272727273,37,12.40,56.88,0.0,0.0,
JE Taylor (WI),2006-2008,3,18,6.777777777777778,43,11.09,97.60,0.0,0.0,
JEC Franklin (NZ),2001-2004,4,16,7.25,25,8.92,55.23,0.0,0.0,
L Balaji (INDIA),2002-2005,4,15,7.533333333333333,21,12.55,79.57,0.0,0.0,
NB Mahwire (ZIM),2004-2006,3,17,6.647058823529412,22,11.30,47.67,0.0,0.0,
Shafiul Islam (BDESH),2010-2013,4,27,4.037037037037037,24,5.73,55.89,0.0,0.0,
GP Wickramasinghe (SL),1992-1994,3,22,4.7727272727272725,21,7.50,66.45,0.0,0.0,
DCC Borden (BMUDA),2006-2008,3,11,8.909090909090908,24,14.00,50.25,0.0,0.0,
DR Tuffey (NZ),2000-2002,3,21,4.666666666666667,20,9.80,61.63,0.0,0.0,
DJ Nash (NZ),1992-1995,4,12,7.833333333333333,40,10.44,67.62,0.0,0.0,
RP Singh (INDIA),2006-2009,4,17,5.470588235294118,23,9.30,40.08,0.0,0.0,
PM Seelaar (NL),2007-2011,5,16,5.6875,34,11.37,55.15,0.0,0.0,
CRD Fernando (SL),2001-2003,3,23,3.5217391304347827,13,8.10,52.94,0.0,0.0,
ST Finn (ENG),2011-2013,3,12,6.666666666666667,35,13.33,89.88,0.0,0.0,
KD Mills (NZ),2001-2003,3,11,7.181818181818182,23,11.28,46.74,0.0,0.0,
J Srinath (INDIA),1991-1993,3,20,3.75,14,7.50,66.96,0.0,0.0,
SL Malinga (SL),2004-2007,4,17,4.117647058823529,15,7.77,65.42,0.0,0.0,
Shahadat Hossain (BDESH),2006-2010,5,21,3.3333333333333335,16,7.77,55.11,0.0,0.0,
JM Anderson (ENG),2002-2006,5,19,3.6315789473684212,12,6.90,36.50,0.0,0.0,
DT Hondo (ZIM),2001-2003,3,14,4.357142857142857,15,10.16,42.95,0.0,0.0,
C Pringle (NZ),1990-1992,3,15,4.0,18,8.57,64.51,0.0,0.0,
Syed Rasel (BDESH),2005-2008,4,18,3.111111111111111,15,4.66,40.28,0.0,0.0,
Umar Gul (PAK),2006-2008,3,11,5.0,17,9.16,65.47,0.0,0.0,
RAP Nissanka (SL),2001-2003,3,13,4.076923076923077,11,6.62,37.85,0.0,0.0,
M Muralitharan (SL),1993-1996,4,19,2.5789473684210527,8,6.12,55.05,0.0,0.0,
Junaid Khan (PAK),2011-2013,3,16,3.0,25,6.00,51.06,0.0,0.0,
A Nehra (INDIA),2001-2003,3,14,3.357142857142857,24,9.40,59.49,0.0,0.0,
Abdur Razzak (BDESH),2004-2006,3,11,4.090909090909091,21,7.50,70.31,0.0,0.0,
Rubel Hossain (BDESH),2010-2013,4,18,2.388888888888889,15,5.37,56.57,0.0,0.0,
E Otieno (KENYA),2008-2011,4,15,2.6666666666666665,11,4.44,33.61,0.0,0.0,
HK Olonga (ZIM),1996-2000,5,15,2.3333333333333335,11,5.00,36.84,0.0,0.0,
I Sharma (INDIA),2008-2011,4,10,3.4,13,4.25,33.33,0.0,0.0,
MJ Guptill (NZ),2009-2011,3,50,31.44,122,35.72,79.75,0.02,0.22,
Younis Khan (PAK),2000-2002,3,60,25.866666666666667,87,30.43,69.06,0.0,0.18333333333333332,
MS Dhoni (INDIA),2004-2006,3,43,34.116279069767444,183,48.90,100.96,0.046511627906976744,0.18604651162790697,
IR Bell (ENG),2004-2007,4,40,34.4,88,37.18,69.31,0.0,0.25,
KC Sangakkara (SL),2000-2002,3,56,23.428571428571427,85,26.24,69.23,0.0,0.125,
WJ Cronje (SA),1992-1994,3,48,27.0,112,33.23,67.32,0.020833333333333332,0.10416666666666667,
Basit Ali (PAK),1993-1995,3,38,31.13157894736842,127,36.96,76.12,0.02631578947368421,0.23684210526315788,
JN Rhodes (SA),1992-1994,3,47,24.80851063829787,66,29.89,70.92,0.0,0.06382978723404255,
L Vincent (NZ),2001-2003,3,59,18.83050847457627,60,21.78,57.06,0.0,0.06779661016949153,
WW Hinds (WI),1999-2001,3,40,26.275,116,27.65,58.94,0.025,0.175,
C Kieswetter (ENG),2010-2012,3,37,27.35135135135135,107,30.66,91.08,0.02702702702702703,0.13513513513513514,
Saeed Anwar (PAK),1990-1993,4,30,29.3,126,30.31,85.33,0.1,0.06666666666666667,
SM Pollock (SA),1996-1998,3,40,21.35,75,34.16,87.14,0.0,0.1,
KD Karthik (INDIA),2006-2010,5,34,23.764705882352942,79,29.92,77.09,0.0,0.11764705882352941,
KJ O'Brien (IRE),2006-2008,3,26,29.346153846153847,142,31.79,80.65,0.038461538461538464,0.11538461538461539,
HP Tillakaratne (SL),1990-1992,3,30,23.4,76,28.08,54.54,0.0,0.06666666666666667,
AD Russell (WI),2011-2013,3,27,24.444444444444443,92,30.00,119.34,0.0,0.1111111111111111,
CB Wishart (ZIM),1996-1998,3,34,18.941176470588236,102,20.12,75.40,0.029411764705882353,0.029411764705882353,
Mohammad Hafeez (PAK),2003-2005,3,30,18.1,69,18.10,51.56,0.0,0.1,
MJ Slater (AUS),1993-1995,3,22,24.0,73,24.00,57.76,0.0,0.18181818181818182,
LJ Wright (ENG),2007-2010,4,22,21.227272727272727,52,23.35,102.41,0.0,0.09090909090909091,
A Symonds (AUS),1998-2000,3,20,23.0,68,30.66,103.13,0.0,0.05,
JDP Oram (NZ),2001-2003,3,32,13.875,59,15.85,71.38,0.0,0.03125,
PK Amre (INDIA),1991-1993,3,24,18.458333333333332,84,21.09,66.21,0.0,0.08333333333333333,
G Gambhir (INDIA),2003-2006,4,16,25.5625,103,25.56,75.88,0.0625,0.0625,
AM Rahane (INDIA),2011-2013,3,16,25.25,91,25.25,72.66,0.0,0.125,
A Bagai (CAN),2003-2007,5,19,18.736842105263158,64,22.25,55.53,0.0,0.15789473684210525,
Saleem Elahi (PAK),1998-2001,4,12,28.5,79,31.09,68.26,0.0,0.16666666666666666,
Javed Omar (BDESH),1998-2001,4,12,27.416666666666668,85,36.55,53.49,0.0,0.25,
MH Dekker (ZIM),1992-1994,3,15,21.2,79,22.71,49.14,0.0,0.13333333333333333,
AG Cremer (ZIM),2009-2011,3,28,11.285714285714286,37,16.63,63.32,0.0,0.0,
HDPK Dharmasena (SL),1994-1996,3,23,13.434782608695652,51,23.76,61.80,0.0,0.043478260869565216,
HH Kanitkar (INDIA),1997-1999,3,23,13.173913043478262,57,20.20,67.63,0.0,0.043478260869565216,
Samiullah Shenwari (AFG),2009-2011,3,12,25.0,82,30.00,69.12,0.0,0.16666666666666666,
OA Shah (ENG),2001-2003,3,15,18.866666666666667,62,21.76,65.96,0.0,0.13333333333333333,
Naimur Rahman (BDESH),1997-1999,3,15,18.466666666666665,47,19.78,56.64,0.0,0.0,
CS MacLeod (SCOT),2011-2013,3,12,22.75,99,24.81,60.00,0.0,0.08333333333333333,
PW Borren (NL),2006-2008,3,17,15.470588235294118,96,15.47,91.63,0.0,0.058823529411764705,
TT Bresnan (ENG),2006-2009,4,14,18.071428571428573,80,31.62,95.47,0.0,0.07142857142857142,
LMP Simmons (WI),2006-2009,4,14,17.714285714285715,70,20.66,57.80,0.0,0.14285714285714285,
AV Vadher (KENYA),1997-1999,3,14,17.357142857142858,73,30.37,60.59,0.0,0.14285714285714285,
MJ Prior (ENG),2004-2006,3,12,20.0,45,20.00,70.79,0.0,0.0,
TM Dilshan (SL),1999-2001,3,12,19.166666666666668,53,25.55,71.42,0.0,0.08333333333333333,
GEF Barnett (CAN),2006-2008,3,12,18.916666666666668,77,18.91,57.17,0.0,0.08333333333333333,
PL Mommsen (SCOT),2010-2012,3,11,19.0,80,19.00,51.73,0.0,0.09090909090909091,
TN Madondo (ZIM),1998-2001,4,13,14.692307692307692,71,15.91,57.70,0.0,0.07692307692307693,
SP Narine (WI),2011-2013,3,19,10.0,36,11.87,83.33,0.0,0.0,
Sohail Tanvir (PAK),2007-2009,3,18,10.11111111111111,59,14.00,95.78,0.0,0.05555555555555555,
TC Bastiampillai (CAN),2007-2010,4,11,14.818181818181818,49,14.81,63.42,0.0,0.0,
U Bhatti (CAN),2006-2008,3,17,9.588235294117647,22,13.58,79.90,0.0,0.0,
CC Lewis (ENG),1990-1993,4,21,7.571428571428571,33,10.60,85.02,0.0,0.0,
RN Lewis (WI),1997-1999,3,12,13.083333333333334,49,17.44,64.87,0.0,0.0,
CMW Read (ENG),2000-2003,4,12,12.833333333333334,30,22.00,64.43,0.0,0.0,
Sarfraz Ahmed (PAK),2008-2012,5,11,13.818181818181818,46,21.71,68.46,0.0,0.0,
SA Thomson (NZ),1990-1994,5,11,13.636363636363637,68,15.00,64.37,0.0,0.09090909090909091,
R Clarke (ENG),2003-2006,4,13,11.076923076923077,39,11.07,62.06,0.0,0.0,
CR Woakes (ENG),2011-2013,3,10,14.1,36,23.50,73.43,0.0,0.0,
RP Snell (SA),1991-1993,3,12,11.083333333333334,51,16.62,91.09,0.0,0.08333333333333333,
HA Varaiya (KENYA),2006-2009,4,20,6.5,34,13.00,47.44,0.0,0.0,
UDU Chandana (SL),1994-1997,4,11,9.0,26,9.90,44.59,0.0,0.0,
DG Cork (ENG),1992-1996,5,12,7.666666666666667,21,8.36,56.09,0.0,0.0,
RT Lyons (SCOT),2006-2009,4,10,8.6,28,28.66,61.42,0.0,0.0,
SI Mahmood (ENG),2004-2006,3,11,7.545454545454546,22,9.22,86.45,0.0,0.0,
JN Gillespie (AUS),1996-1999,4,11,7.363636363636363,26,10.12,69.82,0.0,0.0,
Shoaib Akhtar (PAK),1998-2000,3,19,4.2631578947368425,36,20.25,50.00,0.0,0.0,
GB Brent (ZIM),1998-2000,3,14,5.0,24,8.75,51.47,0.0,0.0,
RD King (WI),1998-2000,3,22,2.8181818181818183,12,6.88,32.12,0.0,0.0,
SO Ngoche (KENYA),2010-2013,4,10,5.9,28,7.37,52.21,0.0,0.0,
SC Ganguly (INDIA),1996-1998,3,65,38.46153846153846,124,40.98,69.48,0.06153846153846154,0.24615384615384617,
Mohammad Yousuf (PAK),1998-2000,3,63,32.23809523809524,104,37.61,70.22,0.047619047619047616,0.2222222222222222,
R Dravid (INDIA),1996-1999,4,59,31.050847457627118,123,33.92,65.07,0.03389830508474576,0.2033898305084746,
NJ Astle (NZ),1995-1997,3,46,31.73913043478261,120,32.44,71.81,0.08695652173913043,0.17391304347826086,
KP Pietersen (ENG/ICC),2004-2006,3,27,46.96296296296296,116,60.38,97.16,0.1111111111111111,0.3333333333333333,
DA Warner (AUS),2009-2012,4,34,30.88235294117647,163,30.88,81.83,0.058823529411764705,0.14705882352941177,
D Mongia (INDIA),2001-2003,3,41,24.365853658536587,159,27.75,73.13,0.024390243902439025,0.07317073170731707,
MG Bevan (AUS),1994-1996,3,28,33.785714285714285,78,67.57,76.16,0.0,0.17857142857142858,
TLW Cooper (NL),2010-2012,3,19,48.21052631578947,101,53.88,71.00,0.05263157894736842,0.42105263157894735,
AP Gurusinha (SL),1990-1992,3,33,27.060606060606062,88,27.06,63.55,0.0,0.15151515151515152,
CL Hooper (WI),1990-1992,3,41,19.682926829268293,77,23.73,68.97,0.0,0.07317073170731707,
Aamer Sohail (PAK),1990-1992,3,20,32.8,114,32.80,62.00,0.05,0.2,
HK Badani (INDIA),2000-2002,3,27,24.25925925925926,100,31.19,72.53,0.037037037037037035,0.1111111111111111,
SL Campbell (WI),1994-1996,3,26,23.46153846153846,86,23.46,53.64,0.0,0.07692307692307693,
MA Atherton (ENG),1990-1994,5,15,38.53333333333333,86,44.46,55.10,0.0,0.3333333333333333,
RS Mahanama (SL),1990-1992,3,22,24.5,80,28.36,57.15,0.0,0.22727272727272727,
CM Spearman (NZ),1995-1998,4,31,17.129032258064516,78,17.12,77.97,0.0,0.06451612903225806,
Wasim Akram (PAK),1990-1992,3,32,15.0,86,19.20,99.58,0.0,0.03125,
GS Blewett (AUS),1995-1997,3,23,19.956521739130434,57,22.95,65.29,0.0,0.08695652173913043,
Rashid Latif (PAK),1992-1994,3,36,11.194444444444445,39,15.50,69.00,0.0,0.0,
ES Szwarczynski (NL),2006-2008,3,13,30.307692307692307,56,32.83,69.61,0.0,0.3076923076923077,
RM Haq (SCOT),2006-2008,3,18,21.0,71,21.00,68.10,0.0,0.16666666666666666,
DS Smith (WI),2004-2007,4,14,25.571428571428573,61,29.83,65.80,0.0,0.07142857142857142,
GP Thorpe (ENG),1993-1995,3,13,27.153846153846153,89,27.15,63.71,0.0,0.15384615384615385,
DJG Sammy (WI),2007-2009,3,22,15.954545454545455,51,20.64,87.31,0.0,0.045454545454545456,
SD Outerbridge (BMUDA),2006-2009,4,23,14.608695652173912,56,14.60,54.90,0.0,0.043478260869565216,
F Mutizwa (ZIM),2009-2011,3,12,27.333333333333332,79,32.80,86.08,0.0,0.25,
NN Odhiambo (KENYA),2006-2009,4,28,11.285714285714286,66,14.36,76.88,0.0,0.03571428571428571,
DM Benkenstein (SA),1998-2000,3,18,16.444444444444443,69,19.73,65.63,0.0,0.05555555555555555,
DLS van Bunge (NL),2006-2008,3,15,19.666666666666668,52,21.07,63.44,0.0,0.06666666666666667,
S Lee (AUS),1995-1999,5,21,13.714285714285714,47,16.94,82.75,0.0,0.0,
ID Blackwell (ENG),2002-2004,3,17,16.58823529411765,82,17.62,94.31,0.0,0.058823529411764705,
J Mubarak (SL),2003-2006,4,15,18.8,61,18.80,61.03,0.0,0.13333333333333333,
BJ Patel (KENYA),2001-2003,3,16,17.375,44,18.53,53.66,0.0,0.0,
R Ashwin (INDIA),2010-2012,3,22,12.0,38,18.85,86.55,0.0,0.0,
SB Styris (NZ),1999-2001,3,20,13.1,48,14.55,90.97,0.0,0.0,
Jahurul Islam (BDESH),2010-2012,3,11,22.181818181818183,53,24.40,69.31,0.0,0.09090909090909091,
RP Arnold (SL),1997-1999,3,11,22.0,61,26.88,62.37,0.0,0.09090909090909091,
B Lee (AUS),2000-2002,3,21,11.142857142857142,51,16.71,84.17,0.0,0.047619047619047616,
SK Warne (AUS),1993-1995,3,23,10.173913043478262,55,14.62,79.59,0.0,0.043478260869565216,
PA Strang (ZIM),1994-1996,3,15,14.733333333333333,28,27.62,64.05,0.0,0.0,
Mudassar Bukhari (NL),2007-2009,3,11,18.818181818181817,71,20.70,66.34,0.0,0.18181818181818182,
IR Bishop (WI),1990-1993,4,16,10.875,23,17.40,54.71,0.0,0.0,
D Gough (ENG),1994-1996,3,18,9.11111111111111,45,12.61,77.72,0.0,0.0,
J Botha (Afr/SA),2005-2008,4,14,11.571428571428571,46,18.00,86.63,0.0,0.0,
PAJ DeFreitas (ENG),1990-1992,3,13,11.153846153846153,49,18.12,75.12,0.0,0.0,
KMDN Kulasekara (SL),2004-2008,5,19,7.368421052631579,37,17.50,62.78,0.0,0.0,
AR Whittall (ZIM),1996-1999,4,24,5.833333333333333,29,10.76,61.40,0.0,0.0,
R Rampaul (WI),2007-2010,4,15,8.666666666666666,26,9.28,82.80,0.0,0.0,
M Dillon (WI),1997-2000,4,21,5.380952380952381,21,8.07,52.31,0.0,0.0,
M Morkel (Afr/SA),2007-2010,4,10,10.2,25,14.57,94.44,0.0,0.0,
BAW Mendis (SL),2008-2011,4,22,4.5,15,7.61,68.75,0.0,0.0,
VVS Laxman (INDIA),1998-2000,3,12,7.166666666666667,23,7.81,33.20,0.0,0.0,
SG Peall (ZIM),1992-1995,4,12,6.833333333333333,21,7.45,62.59,0.0,0.0,
Wahab Riaz (PAK),2008-2011,4,15,5.333333333333333,21,7.27,86.02,0.0,0.0,
Iftikhar Anjum (PAK),2004-2006,3,12,6.25,19,75.00,58.13,0.0,0.0,
ME Trescothick (ENG),2000-2002,3,50,36.66,137,37.40,89.02,0.08,0.18,
Yasir Hameed (PAK),2003-2005,3,46,37.108695652173914,127,37.93,68.47,0.06521739130434782,0.1956521739130435,
HJH Marshall (NZ),2003-2006,4,47,26.361702127659573,101,30.97,72.71,0.02127659574468085,0.23404255319148937,
ND McKenzie (SA),2000-2002,3,40,30.7,131,36.11,68.48,0.05,0.125,
SV Manjrekar (INDIA),1990-1992,3,36,32.25,105,35.18,64.03,0.027777777777777776,0.25,
AC Gilchrist (AUS),1996-1998,3,37,30.675675675675677,118,34.39,85.66,0.08108108108108109,0.10810810810810811,
JD Ryder (NZ),2008-2011,4,30,34.7,107,35.89,90.99,0.06666666666666667,0.16666666666666666,
GA Hick (ENG),1991-1993,3,30,34.36666666666667,105,41.24,81.69,0.03333333333333333,0.3,
A Flower (ZIM),1992-1995,4,33,31.151515151515152,115,33.16,67.67,0.030303030303030304,0.21212121212121213,
SE Marsh (AUS),2008-2010,3,27,37.333333333333336,112,38.76,76.53,0.037037037037037035,0.25925925925925924,
PA de Silva (SL),1990-1992,3,34,28.970588235294116,105,29.84,86.55,0.058823529411764705,0.11764705882352941,
KR Rutherford (NZ),1990-1992,3,35,27.857142857142858,78,33.62,70.80,0.0,0.22857142857142856,
HM Amla (SA),2008-2010,3,23,42.130434782608695,140,48.45,84.18,0.043478260869565216,0.30434782608695654,
Asad Shafiq (PAK),2010-2012,3,34,27.352941176470587,78,30.00,69.81,0.0,0.20588235294117646,
Asif Mujtaba (PAK),1992-1994,3,42,22.071428571428573,113,31.96,65.14,0.023809523809523808,0.11904761904761904,
PD Collingwood (ENG),2001-2003,3,37,23.62162162162162,100,32.37,77.00,0.02702702702702703,0.13513513513513514,
L Klusener (SA),1996-1998,3,32,27.0,99,30.85,86.14,0.0,0.1875,
SR Waugh (AUS),1990-1992,3,41,18.121951219512194,65,24.76,66.45,0.0,0.07317073170731707,
TD Paine (AUS),2009-2011,3,26,28.346153846153847,111,29.48,68.87,0.038461538461538464,0.19230769230769232,
JM How (NZ),2005-2008,4,18,39.888888888888886,139,42.23,72.96,0.05555555555555555,0.3333333333333333,
NJ O'Brien (IRE),2006-2008,3,29,24.413793103448278,72,25.28,64.89,0.0,0.2413793103448276,
TM Moody (AUS),1990-1992,3,25,27.56,89,28.70,65.68,0.0,0.28,
CJ Ferguson (AUS),2009-2011,3,25,26.52,71,41.43,85.32,0.0,0.2,
MS Sinclair (NZ),2000-2002,3,25,26.4,118,27.50,60.82,0.08,0.12,
CJ Nevin (NZ),2000-2002,3,26,23.346153846153847,74,23.34,79.45,0.0,0.15384615384615385,
PA Patel (INDIA),2010-2012,3,24,25.166666666666668,95,27.45,82.06,0.0,0.16666666666666666,
KO Otieno (KENYA),1996-1998,3,19,31.157894736842106,144,32.88,63.45,0.05263157894736842,0.10526315789473684,
NR Mongia (INDIA),1994-1996,3,43,13.418604651162791,69,19.89,70.97,0.0,0.023255813953488372,
ME Waugh (AUS),1990-1992,3,24,21.291666666666668,67,24.33,87.80,0.0,0.125,
SO Tikolo (KENYA),1996-1998,3,19,26.36842105263158,96,26.36,73.78,0.0,0.21052631578947367,
JC Adams (WI),1992-1994,3,25,19.56,81,32.60,67.26,0.0,0.16,
HS Modi (KENYA),1996-1998,3,17,26.529411764705884,78,28.18,64.70,0.0,0.23529411764705882,
Mohammad Nabi (AFG),2009-2011,3,16,26.8125,62,35.75,97.50,0.0,0.25,
N Deonarine (WI),2007-2010,4,15,27.933333333333334,65,34.91,76.04,0.0,0.26666666666666666,
AJ Hall (SA),1999-2002,4,19,21.68421052631579,81,24.23,71.52,0.0,0.05263157894736842,
CA Ingram (SA),2010-2012,3,13,29.846153846153847,124,35.27,90.02,0.15384615384615385,0.0,
AJ Hollioake (ENG),1996-1998,3,18,20.72222222222222,66,26.64,74.00,0.0,0.1111111111111111,
N Chopra (INDIA),1998-2000,3,26,11.923076923076923,61,15.50,62.24,0.0,0.038461538461538464,
SR Patel (ENG),2008-2011,4,13,23.53846153846154,70,27.81,91.89,0.0,0.07692307692307693,
MN Waller (ZIM),2009-2011,3,18,16.27777777777778,63,17.23,76.10,0.0,0.1111111111111111,
S Ranatunga (SL),1994-1996,3,11,23.0,70,23.00,48.09,0.0,0.18181818181818182,
S Randiv (SL),2009-2011,3,15,15.933333333333334,56,17.07,71.55,0.0,0.06666666666666667,
BJ Watling (NZ),2010-2012,3,10,23.5,72,26.11,71.21,0.0,0.3,
NAM McLean (WI),1996-2000,5,22,9.409090909090908,50,12.17,88.84,0.0,0.045454545454545456,
JA Morkel (Afr/SA),2005-2008,4,11,17.818181818181817,97,17.81,89.90,0.0,0.09090909090909091,
KLT Arthurton (WI),1990-1992,3,12,15.166666666666666,59,22.75,64.76,0.0,0.08333333333333333,
Mushfiqur Rahman (BDESH),2000-2003,4,12,15.166666666666666,36,18.20,51.26,0.0,0.0,
CO Browne (WI),1995-1997,3,18,9.555555555555555,26,12.28,57.52,0.0,0.0,
MV Nagamootoo (WI),2000-2002,3,15,9.733333333333333,33,12.16,55.72,0.0,0.0,
PJ Ongondo (KENYA),2001-2003,3,17,8.294117647058824,36,10.84,77.90,0.0,0.0,
Naved-ul-Hasan (PAK),2003-2005,3,14,10.0,29,17.50,73.68,0.0,0.0,
N Boje (SA),1996-2000,5,11,11.363636363636363,28,13.88,77.63,0.0,0.0,
M Ntini (SA),2000-2004,5,19,6.2631578947368425,42,11.90,69.59,0.0,0.0,
JR Murray (WI),1992-1994,3,13,7.615384615384615,30,11.00,51.03,0.0,0.0,
RJ Peterson (SA),2002-2006,5,10,9.8,36,10.88,66.21,0.0,0.0,
