,id,Player,Span,Years,Inns,R/I,HS,Avrg,SR,100/I,50/I,6+4/BF,Class
0,0,V Kohli (INDIA),2009-2012,4,82,45.45121951,183,53.24,87.54,0.158536585,0.243902439,0.085506225,RS
1,1,Yuvraj Singh (INDIA),2002-2005,4,99,29.68686869,139,34.57,85.48,0.050505050999999995,0.181818182,0.09918557300000001,RS
2,2,Shoaib Malik (PAK),2002-2005,4,81,30.79012346,143,34.16,78.79,0.04938271599999999,0.19753086399999997,0.07330173799999999,RS
3,3,CH Gayle (WI),2001-2003,3,57,42.36842105,152,42.36,80.31,0.087719298,0.298245614,0.11074160300000001,RS
4,4,Shakib Al Hasan (BDESH),2007-2011,5,83,27.18072289,108,30.9,79.74,0.048192770999999995,0.180722892,0.07670555,RS
5,5,WU Tharanga (Asia/SL),2005-2009,5,73,29.83561644,120,30.25,70.41,0.08219178099999999,0.123287671,0.085354025,NRS
6,6,Salman Butt (PAK),2004-2008,5,54,39.01851852,136,41.31,78.64,0.12962963,0.166666667,0.101530422,RS
7,7,Tamim Iqbal (BDESH),2009-2012,4,65,32.18461538,154,32.68,88.19,0.030769231,0.246153846,0.10876897099999999,RS
8,8,Mohammad Ashraful (Asia/BDESH),2004-2008,5,88,23.48863636,109,26.16,73.97,0.022727273,0.125,0.081245526,RS
9,9,AB de Villiers (Afr/SA),2005-2008,4,62,32.87096774,146,36.39,86.02,0.048387097000000004,0.193548387,0.113550021,RS
10,10,GC Smith (SA),2002-2005,4,56,35.64285714,99,36.96,73.84,0.0,0.267857143,0.086940437,RS
11,11,SK Raina (INDIA),2007-2010,4,60,32.1,116,40.97,97.27,0.05,0.21666666699999998,0.10757575800000001,RS
12,12,RR Sarwan (WI),2001-2004,4,57,33.63157895,104,46.75,78.75,0.035087718999999996,0.15789473699999998,0.073130649,RS
13,13,Umar Akmal (PAK),2010-2013,4,63,29.71428571,91,35.32,85.75,0.0,0.206349206,0.086578104,RS
14,14,Shahriar Nafees (BDESH),2005-2008,4,60,30.95,123,33.76,69.68,0.066666667,0.166666667,0.089681051,NRS
15,15,BRM Taylor (ZIM),2006-2009,4,62,29.59677419,118,34.62,72.27,0.016129031999999998,0.193548387,0.067743206,NRS
16,16,E Chigumbura (Afr/ZIM),2006-2010,5,78,22.70512821,79,24.94,81.5,0.0,0.128205128,0.08697653,RS
17,17,Abdul Razzaq (PAK),2001-2003,3,67,24.2238806,112,31.82,80.82,0.014925373,0.104477612,0.081673307,RS
18,18,M Kaif (INDIA),2002-2004,3,66,23.87878788,111,30.9,73.57,0.015151515,0.13636363599999998,0.063492063,NRS
19,19,LD Chandimal (SL),2010-2013,4,61,25.39344262,111,30.37,73.2,0.032786885,0.14754098400000001,0.064744802,NRS
20,20,MJ Clarke (AUS),2003-2005,3,45,33.33333333,105,45.45,89.02,0.04444444400000001,0.177777778,0.092581602,RS
21,21,EJG Morgan (ENG/IRE),2007-2010,4,49,30.08163265,115,37.79,80.1,0.06122449,0.163265306,0.09130434800000001,RS
22,22,Aftab Ahmed (BDESH),2006-2008,3,58,24.68965517,92,26.51,90.0,0.0,0.18965517199999998,0.118793212,RS
23,23,Mushfiqur Rahim (BDESH),2007-2011,5,68,19.83823529,98,23.66,69.0,0.0,0.088235294,0.061892583,NRS
24,24,Raqibul Hasan (BDESH),2008-2011,4,54,24.22222222,89,27.82,61.32,0.0,0.148148148,0.051570557999999996,NRS
25,25,KS Williamson (NZ),2010-2013,4,42,30.35714286,145,35.41,77.22,0.071428571,0.14285714300000002,0.066626287,NRS
26,26,RG Sharma (INDIA),2007-2011,5,57,21.89473684,114,27.13,75.72,0.035087718999999996,0.087719298,0.061893204,NRS
27,27,CK Kapugedera (SL),2007-2011,5,57,21.73684211,95,24.29,71.24,0.0,0.10526315800000001,0.061529615,NRS
28,28,MN Samuels (WI),2001-2005,5,45,27.42222222,108,33.35,77.85,0.022222222000000003,0.177777778,0.092113565,RS
29,29,V Sibanda (Afr/ZIM),2003-2007,5,53,22.98113208,116,23.88,61.95,0.018867925,0.150943396,0.07731434400000001,NRS
30,30,Shahid Afridi (PAK),2001-2003,3,55,22.07272727,108,23.34,109.66,0.018181818,0.145454545,0.159891599,RS
31,31,Junaid Siddique (BDESH),2007-2011,5,53,22.56603774,100,23.0,68.22,0.018867925,0.11320754699999999,0.071306332,NRS
32,32,DD Ebrahim (ZIM),2001-2004,4,63,18.46031746,121,19.71,57.34,0.015873016,0.031746032,0.043392505,NRS
33,33,S Matsikenyeri (ZIM),2003-2007,5,58,19.84482759,89,21.31,65.99,0.0,0.08620689699999999,0.075688073,NRS
34,34,IK Pathan (INDIA),2004-2008,5,58,19.84482759,83,24.48,78.78,0.0,0.08620689699999999,0.09582477800000001,RS
35,35,DM Bravo (WI),2009-2013,5,44,24.95454545,86,28.89,67.69,0.0,0.159090909,0.069667078,NRS
36,36,T Taibu (Afr/ZIM),2003-2005,3,47,22.5106383,96,25.19,62.27,0.0,0.106382979,0.049440847999999996,NRS
37,37,PR Stirling (IRE),2010-2013,4,27,38.85185185,177,38.85,105.11,0.185185185,0.037037037,0.147294589,NRS
38,38,JA Rudolph (SA),2003-2005,3,31,32.29032258,81,38.5,70.64,0.0,0.193548387,0.069865914,NRS
39,39,LRPL Taylor (NZ),2006-2008,3,34,29.29411765,128,35.57,82.24,0.058823529000000006,0.117647059,0.096614368,RS
40,40,DJ Bravo (WI),2004-2007,4,55,18.03636364,112,24.19,79.1,0.018181818,0.036363636,0.07416267900000001,NRS
41,41,HDRL Thirimanne (SL),2010-2013,4,38,26.05263158,102,29.11,67.71,0.026315789,0.15789473699999998,0.051983584000000006,NRS
42,42,AA Obanda (KENYA),2008-2011,4,34,27.73529412,96,28.57,73.84,0.0,0.176470588,0.09475332800000001,RS
43,43,SC Williams (ZIM),2006-2009,4,36,25.80555556,75,30.96,72.46,0.0,0.27777777800000003,0.05928237099999999,NRS
44,44,Imrul Kayes (BDESH),2008-2010,3,30,29.8,101,29.8,65.35,0.033333333,0.2,0.070175439,NRS
45,45,RA Jadeja (INDIA),2009-2012,4,40,21.5,78,28.66,78.61,0.0,0.125,0.066727605,NRS
46,46,BB McCullum (NZ),2002-2005,4,51,16.68627451,56,22.39,71.51,0.0,0.058823529000000006,0.07226890799999999,NRS
47,47,CJ Chibhabha (ZIM),2006-2010,5,41,20.17073171,73,20.17,58.69,0.0,0.146341463,0.048970901,NRS
48,48,AD Mathews (SL),2008-2011,4,32,24.875,77,34.6,85.13,0.0,0.1875,0.068449198,NRS
49,49,RV Uthappa (INDIA),2006-2008,3,34,23.11764706,86,27.1,91.92,0.0,0.147058824,0.128654971,RS
50,50,DR Smith (WI),2004-2007,4,52,14.76923077,68,15.36,101.58,0.0,0.038461537999999997,0.12962963,NRS
51,51,Imran Farhat (PAK),2003-2006,4,22,34.54545455,107,36.19,72.58,0.045454545,0.181818182,0.093600764,RS
52,52,Mahmudullah (BDESH),2007-2010,4,33,22.90909091,64,34.36,71.93,0.0,0.12121212099999999,0.057088487,NRS
53,53,RS Bopara (ENG),2007-2009,3,34,21.97058824,60,28.73,71.62,0.0,0.117647059,0.074784276,NRS
54,54,Kamran Akmal (PAK),2002-2005,4,28,26.28571429,124,32.0,91.65,0.107142857,0.0,0.11332503099999999,NRS
55,55,Rajin Saleh (BDESH),2004-2006,3,35,21.02857143,108,21.64,53.84,0.028571429,0.11428571400000001,0.054864667,NRS
56,56,KA Pollard (WI),2008-2011,4,34,21.05882353,94,21.05,104.22,0.0,0.088235294,0.113537118,NRS
57,57,AN Cook (ENG),2006-2008,3,23,30.52173913,102,30.52,68.15,0.043478261,0.130434783,0.07475728200000001,NRS
58,58,H Masakadza (ZIM),2004-2007,4,36,19.33333333,75,20.47,64.44,0.0,0.13888888900000002,0.060185185,NRS
59,59,Nasir Hossain (BDESH),2011-2013,3,20,34.45,100,45.93,82.02,0.05,0.2,0.08452381,RS
60,60,MF Maharoof (SL),2004-2008,5,47,14.59574468,69,19.6,84.06,0.0,0.042553191,0.094362745,NRS
61,61,WTS Porterfield (IRE),2006-2008,3,27,25.37037037,112,27.4,59.41,0.074074074,0.074074074,0.050303556,NRS
62,62,Mashrafe Mortaza (Asia/BDESH),2004-2007,4,42,15.5952381,51,19.26,98.34,0.0,0.023809524,0.11561561599999999,NRS
63,63,Mohammad Shahzad (AFG),2009-2011,3,16,40.75,118,43.46,91.57,0.1875,0.1875,0.113764045,RS
64,64,JP Duminy (SA),2004-2008,5,24,25.75,79,36.35,73.3,0.0,0.125,0.06168446,NRS
65,65,KOA Powell (WI),2011-2013,3,20,30.7,83,30.7,79.43,0.0,0.25,0.102199224,RS
66,66,Imran Nazir (PAK),2002-2004,3,26,23.23076923,66,24.16,80.0,0.0,0.153846154,0.11258278099999999,NRS
67,67,D Ramdin (WI),2005-2009,5,43,13.81395349,74,19.8,79.41,0.0,0.046511628,0.072192513,NRS
68,68,Naeem Islam (BDESH),2008-2010,3,33,16.48484848,73,28.63,65.14,0.0,0.03030303,0.064670659,NRS
69,69,RR Patel (KENYA),2009-2013,5,26,20.26923077,92,23.95,65.3,0.0,0.076923077,0.07187112799999999,NRS
70,70,P Utseya (ZIM),2005-2009,5,53,9.679245283,68,14.25,53.21,0.0,0.037735849,0.037344398,NRS
71,71,TJ Friend (ZIM),2001-2004,4,32,15.96875,91,17.03,78.37,0.0,0.09375,0.09049079800000001,NRS
72,72,NLTC Perera (SL),2009-2013,5,39,12.97435897,69,15.81,110.48,0.0,0.025641026,0.120087336,NRS
73,73,BG Rogers (ZIM),2002-2005,4,15,31.86666667,84,31.86,69.37,0.0,0.333333333,0.08998548599999999,NRS
74,74,Taufeeq Umar (PAK),2001-2005,5,19,23.52631579,81,24.83,57.45,0.0,0.15789473699999998,0.061696658,NRS
75,75,AN Kervezee (NL),2010-2012,3,15,27.93333333,92,29.92,85.33,0.0,0.133333333,0.107942974,RS
76,76,Farhad Reza (BDESH),2006-2008,3,29,13.44827586,50,16.95,64.89,0.0,0.034482759,0.074875208,NRS
77,77,DA Miller (SA),2010-2013,4,18,21.27777778,67,29.46,101.05,0.0,0.166666667,0.09762533,NRS
78,78,SPD Smith (AUS),2010-2013,4,22,17.27272727,46,21.11,86.75,0.0,0.0,0.068493151,NRS
79,79,Noor Ali Zadran (AFG),2009-2012,4,14,26.5,114,28.53,70.66,0.071428571,0.071428571,0.068571429,NRS
80,80,Asghar Stanikzai (AFG),2009-2011,3,17,21.52941176,64,24.4,55.28,0.0,0.117647059,0.046827795,NRS
81,81,Harbhajan Singh (INDIA),2001-2003,3,39,8.871794872,46,11.53,89.17,0.0,0.0,0.103092784,NRS
82,82,SR Watson (AUS),2002-2005,4,20,17.05,77,31.0,68.06,0.0,0.05,0.045908184000000005,NRS
83,83,SCJ Broad (ENG),2006-2010,5,37,9.135135135,45,14.69,74.12,0.0,0.0,0.057017544,NRS
84,84,T Mishra (KENYA),2007-2010,4,11,27.81818182,66,34.0,78.86,0.0,0.181818182,0.07216494799999999,NRS
85,85,LE Plunkett (ENG),2005-2007,3,24,12.29166667,56,21.07,85.26,0.0,0.041666667000000004,0.075144509,NRS
86,86,RD Berrington (SCOT),2008-2010,3,14,20.85714286,84,22.46,71.74,0.0,0.14285714300000002,0.063882064,NRS
87,87,GC Wilson (IRE),2007-2009,3,16,18.125,51,19.33,65.46,0.0,0.125,0.085778781,NRS
88,88,ADS Fletcher (WI),2008-2010,3,15,17.06666667,54,17.06,70.13,0.0,0.133333333,0.095890411,NRS
89,89,Alok Kapali (BDESH),2004-2006,3,21,12.0,55,12.6,59.43,0.0,0.047619048,0.04245283,NRS
90,90,CO Obuya (KENYA),2001-2003,3,22,11.18181818,29,12.94,58.85,0.0,0.0,0.055023922999999995,NRS
91,91,Tapash Baisya (BDESH),2003-2006,4,30,8.166666667000001,33,11.13,57.37,0.0,0.0,0.049180327999999995,NRS
92,92,DL Vettori (NZ),2001-2003,3,31,7.7741935479999995,30,12.68,70.26,0.0,0.0,0.043731778,NRS
93,93,NS Poonia (SCOT),2006-2009,4,21,11.28571429,67,11.28,62.86,0.0,0.047619048,0.087533156,NRS
94,94,DO Obuya (KENYA),2001-2003,3,23,9.869565217,57,10.8,46.13,0.0,0.043478261,0.054878049000000005,NRS
95,95,P Kumar (INDIA),2007-2010,4,24,9.375,54,13.23,85.22,0.0,0.041666667000000004,0.09469697,NRS
96,96,Manjural Islam Rana (BDESH),2004-2006,3,17,13.05882353,43,17.07,47.84,0.0,0.0,0.030172413999999998,NRS
97,97,Fawad Alam (PAK),2007-2009,3,12,17.5,63,42.0,73.68,0.0,0.083333333,0.049122807000000004,NRS
98,98,DC Thomas (WI),2011-2013,3,18,11.61111111,37,12.29,62.95,0.0,0.0,0.057228916,NRS
99,99,TG Southee (NZ),2008-2012,5,31,6.709677419,32,10.94,88.51,0.0,0.0,0.080851064,NRS
100,100,HS Baidwan (CAN),2008-2011,4,16,12.5625,33,22.33,67.0,0.0,0.0,0.04,NRS
101,101,CK Coventry (ZIM),2003-2006,4,10,19.9,74,19.9,85.77,0.0,0.1,0.11206896599999999,NRS
102,102,Mohammad Sami (PAK),2001-2004,4,33,5.909090909,23,13.0,61.9,0.0,0.0,0.038095238,NRS
103,103,WD Parnell (SA),2009-2012,4,13,14.0,49,18.2,74.89,0.0,0.0,0.06584362099999999,NRS
104,104,RW Chakabva (ZIM),2008-2011,4,10,17.6,45,19.55,59.45,0.0,0.0,0.054054054000000004,NRS
105,105,KS Lokuarachchi (SL),2003-2006,4,13,13.38461538,69,15.81,78.02,0.0,0.076923077,0.049327354000000004,NRS
106,106,ML Nkala (ZIM),2001-2005,5,19,9.105263158,47,11.53,58.44,0.0,0.0,0.050675675999999996,NRS
107,107,Usman Limbada (CAN),2010-2013,4,10,17.0,50,18.88,68.82,0.0,0.1,0.076923077,NRS
108,108,CL White (AUS),2005-2007,3,10,15.7,45,22.42,116.29,0.0,0.0,0.118518519,NRS
109,109,MA Ouma (KENYA),2004-2006,3,11,13.63636364,49,13.63,44.11,0.0,0.0,0.044117647,NRS
110,110,AD Poynter (IRE),2008-2010,3,11,13.54545455,78,18.62,56.65,0.0,0.090909091,0.049429658,NRS
111,111,Tushar Imran (BDESH),2005-2007,3,15,9.866666667,32,9.86,49.66,0.0,0.0,0.053691275,NRS
112,112,CS Baugh (WI),2003-2006,4,11,13.27272727,29,24.33,81.56,0.0,0.0,0.094972067,NRS
113,113,KAJ Roach (WI),2008-2012,5,25,5.52,24,11.5,48.59,0.0,0.0,0.042253520999999995,NRS
114,114,T Mupariwa (ZIM),2006-2009,4,21,6.523809524,33,9.78,52.69,0.0,0.0,0.042307692,NRS
115,115,RJ Trott (BMUDA),2007-2009,3,10,13.0,48,21.66,52.2,0.0,0.0,0.036144578,NRS
116,116,A Maregwede (ZIM),2003-2005,3,11,11.27272727,37,12.4,56.88,0.0,0.0,0.055045872,NRS
117,117,JE Taylor (WI),2006-2008,3,18,6.777777778,43,11.09,97.6,0.0,0.0,0.11199999999999999,NRS
118,118,JEC Franklin (NZ),2001-2004,4,16,7.25,25,8.92,55.23,0.0,0.0,0.047619048,NRS
119,119,L Balaji (INDIA),2002-2005,4,15,7.533333333,21,12.55,79.57,0.0,0.0,0.070422535,NRS
120,120,NB Mahwire (ZIM),2004-2006,3,17,6.647058824,22,11.3,47.67,0.0,0.0,0.029535865,NRS
121,121,Shafiul Islam (BDESH),2010-2013,4,27,4.037037037,24,5.73,55.89,0.0,0.0,0.066666667,NRS
122,122,DCC Borden (BMUDA),2006-2008,3,11,8.909090909,24,14.0,50.25,0.0,0.0,0.046153846,NRS
123,123,RP Singh (INDIA),2006-2009,4,17,5.470588235,23,9.3,40.08,0.0,0.0,0.021551723999999998,NRS
124,124,PM Seelaar (NL),2007-2011,5,16,5.6875,34,11.37,55.15,0.0,0.0,0.060606060999999996,NRS
125,125,CRD Fernando (SL),2001-2003,3,23,3.52173913,13,8.1,52.94,0.0,0.0,0.045751634000000006,NRS
126,126,ST Finn (ENG),2011-2013,3,12,6.666666667,35,13.33,89.88,0.0,0.0,0.123595506,NRS
127,127,KD Mills (NZ),2001-2003,3,11,7.181818182000001,23,11.28,46.74,0.0,0.0,0.035502959,NRS
128,128,SL Malinga (SL),2004-2007,4,17,4.117647058999999,15,7.77,65.42,0.0,0.0,0.046728972,NRS
129,129,Shahadat Hossain (BDESH),2006-2010,5,21,3.333333333,16,7.77,55.11,0.0,0.0,0.062992126,NRS
130,130,JM Anderson (ENG),2002-2006,5,19,3.631578947,12,6.9,36.5,0.0,0.0,0.021164021,NRS
131,131,DT Hondo (ZIM),2001-2003,3,14,4.3571428569999995,15,10.16,42.95,0.0,0.0,0.063380282,NRS
132,132,Syed Rasel (BDESH),2005-2008,4,18,3.111111111,15,4.66,40.28,0.0,0.0,0.035971223,NRS
133,133,Umar Gul (PAK),2006-2008,3,11,5.0,17,9.16,65.47,0.0,0.0,0.083333333,NRS
134,134,RAP Nissanka (SL),2001-2003,3,13,4.076923077,11,6.62,37.85,0.0,0.0,0.035714286,NRS
135,135,Junaid Khan (PAK),2011-2013,3,16,3.0,25,6.0,51.06,0.0,0.0,0.042553191,NRS
136,136,A Nehra (INDIA),2001-2003,3,14,3.357142857,24,9.4,59.49,0.0,0.0,0.06329113900000001,NRS
137,137,Abdur Razzak (BDESH),2004-2006,3,11,4.090909091,21,7.5,70.31,0.0,0.0,0.03125,NRS
138,138,Rubel Hossain (BDESH),2010-2013,4,18,2.388888889,15,5.37,56.57,0.0,0.0,0.065789474,NRS
139,139,E Otieno (KENYA),2008-2011,4,15,2.666666667,11,4.44,33.61,0.0,0.0,0.025210084,NRS
140,140,I Sharma (INDIA),2008-2011,4,10,3.4,13,4.25,33.33,0.0,0.0,0.029411765,NRS
141,141,AJ Ireland (ZIM),2005-2007,3,13,2.307692308,8,3.75,29.7,0.0,0.0,0.01980198,NRS
142,142,TCB Fernando (SL),2001-2003,3,10,2.9,14,7.25,49.15,0.0,0.0,0.0,NRS
143,143,KM Jarvis (ZIM),2009-2012,4,10,2.9,13,4.83,37.66,0.0,0.0,0.025974026,NRS
144,144,EC Rainsford (ZIM),2006-2008,3,11,2.272727273,9,6.25,33.33,0.0,0.0,0.0,NRS
145,145,CB Mpofu (ZIM),2006-2009,4,16,0.875,4,1.75,21.87,0.0,0.0,0.015625,NRS
146,146,Nazmul Hossain (BDESH),2008-2011,4,10,0.5,3,1.25,13.88,0.0,0.0,0.0,NRS
147,147,V Sehwag (INDIA),2001-2003,3,69,32.39130435,126,35.47,96.92,0.072463768,0.15942029,0.15351257599999998,RS
148,148,MJ Guptill (NZ),2009-2011,3,50,31.44,122,35.72,79.75,0.02,0.22,0.09335362800000001,RS
149,149,MS Dhoni (INDIA),2004-2006,3,43,34.11627907,183,48.9,100.96,0.046511628,0.186046512,0.121128699,RS
150,150,IR Bell (ENG),2004-2007,4,40,34.4,88,37.18,69.31,0.0,0.25,0.063476071,NRS
151,151,L Vincent (NZ),2001-2003,3,59,18.83050847,60,21.78,57.06,0.0,0.06779661,0.044684129,NRS
152,152,C Kieswetter (ENG),2010-2012,3,37,27.35135135,107,30.66,91.08,0.027027027000000002,0.135135135,0.118811881,RS
153,153,RL Powell (WI),2001-2003,3,41,20.31707317,88,26.03,100.24,0.0,0.073170732,0.12274368199999999,RS
154,154,KD Karthik (INDIA),2006-2010,5,34,23.76470588,79,29.92,77.09,0.0,0.117647059,0.08587786300000001,RS
155,155,KJ O'Brien (IRE),2006-2008,3,26,29.34615385,142,31.79,80.65,0.038461537999999997,0.115384615,0.08562367900000001,RS
156,156,AD Russell (WI),2011-2013,3,27,24.44444444,92,30.0,119.34,0.0,0.111111111,0.164556962,RS
157,157,TM Odoyo (KENYA),2001-2003,3,28,21.78571429,53,23.46,65.66,0.0,0.071428571,0.077502691,NRS
158,158,Mohammad Hafeez (PAK),2003-2005,3,30,18.1,69,18.1,51.56,0.0,0.1,0.060778727000000005,NRS
159,159,DA Marillier (ZIM),2001-2003,3,30,17.46666667,100,20.15,77.05,0.033333333,0.1,0.077941176,NRS
160,160,LJ Wright (ENG),2007-2010,4,22,21.22727273,52,23.35,102.41,0.0,0.090909091,0.131578947,NRS
161,161,JDP Oram (NZ),2001-2003,3,32,13.875,59,15.85,71.38,0.0,0.03125,0.08038585200000001,NRS
162,162,MA Vermeulen (ZIM),2002-2004,3,18,24.0,79,30.85,71.64,0.0,0.222222222,0.109452736,RS
163,163,G Gambhir (INDIA),2003-2006,4,16,25.5625,103,25.56,75.88,0.0625,0.0625,0.116883117,NRS
164,164,AM Rahane (INDIA),2011-2013,3,16,25.25,91,25.25,72.66,0.0,0.125,0.079136691,RS
165,165,AM Blignaut (ZIM),2001-2003,3,20,19.05,63,22.41,112.38,0.0,0.2,0.147492625,NRS
166,166,A Bagai (CAN),2003-2007,5,19,18.73684211,64,22.25,55.53,0.0,0.15789473699999998,0.060842434,NRS
167,167,AG Cremer (ZIM),2009-2011,3,28,11.28571429,37,16.63,63.32,0.0,0.0,0.052104208,NRS
168,168,Samiullah Shenwari (AFG),2009-2011,3,12,25.0,82,30.0,69.12,0.0,0.166666667,0.064516129,NRS
169,169,OA Shah (ENG),2001-2003,3,15,18.86666667,62,21.76,65.96,0.0,0.133333333,0.046620047000000005,NRS
170,170,CS MacLeod (SCOT),2011-2013,3,12,22.75,99,24.81,60.0,0.0,0.083333333,0.046153846,NRS
171,171,PW Borren (NL),2006-2008,3,17,15.47058824,96,15.47,91.63,0.0,0.058823529000000006,0.094076655,NRS
172,172,TT Bresnan (ENG),2006-2009,4,14,18.07142857,80,31.62,95.47,0.0,0.071428571,0.11320754699999999,NRS
173,173,LMP Simmons (WI),2006-2009,4,14,17.71428571,70,20.66,57.8,0.0,0.14285714300000002,0.065268065,NRS
174,174,Al Sahariar (BDESH),2001-2003,3,22,11.18181818,59,11.18,52.67,0.0,0.045454545,0.072805139,NRS
175,175,MJ Prior (ENG),2004-2006,3,12,20.0,45,20.0,70.79,0.0,0.0,0.112094395,NRS
176,176,GEF Barnett (CAN),2006-2008,3,12,18.91666667,77,18.91,57.17,0.0,0.083333333,0.070528967,NRS
177,177,PL Mommsen (SCOT),2010-2012,3,11,19.0,80,19.0,51.73,0.0,0.090909091,0.044554455,NRS
178,178,Z Khan (INDIA),2001-2003,3,30,6.5,34,9.28,64.35,0.0,0.0,0.069306931,NRS
179,179,SP Narine (WI),2011-2013,3,19,10.0,36,11.87,83.33,0.0,0.0,0.100877193,NRS
180,180,Sohail Tanvir (PAK),2007-2009,3,18,10.11111111,59,14.0,95.78,0.0,0.055555556,0.1,NRS
181,181,TC Bastiampillai (CAN),2007-2010,4,11,14.81818182,49,14.81,63.42,0.0,0.0,0.105058366,NRS
182,182,U Bhatti (CAN),2006-2008,3,17,9.588235294,22,13.58,79.9,0.0,0.0,0.078431373,NRS
183,183,Sarfraz Ahmed (PAK),2008-2012,5,11,13.81818182,46,21.71,68.46,0.0,0.0,0.027027027000000002,NRS
184,184,R Clarke (ENG),2003-2006,4,13,11.07692308,39,11.07,62.06,0.0,0.0,0.056034482999999996,NRS
185,185,CR Woakes (ENG),2011-2013,3,10,14.1,36,23.5,73.43,0.0,0.0,0.052083332999999996,NRS
186,186,HA Varaiya (KENYA),2006-2009,4,20,6.5,34,13.0,47.44,0.0,0.0,0.02189781,NRS
187,187,DR Tuffey (NZ),2001-2003,3,28,4.464285714,20,7.81,61.88,0.0,0.0,0.064356436,NRS
188,188,JK Kamande (KENYA),2001-2003,3,10,11.7,32,16.71,48.75,0.0,0.0,0.058333333,NRS
189,189,RT Lyons (SCOT),2006-2009,4,10,8.6,28,28.66,61.42,0.0,0.0,0.057142857000000005,NRS
190,190,SI Mahmood (ENG),2004-2006,3,11,7.545454545,22,9.22,86.45,0.0,0.0,0.09375,NRS
191,191,SO Ngoche (KENYA),2010-2013,4,10,5.9,28,7.37,52.21,0.0,0.0,0.03539823,NRS
192,192,JO Ngoche (KENYA),2010-2012,3,10,3.4,21,4.85,40.96,0.0,0.0,0.024096386,NRS
193,193,KMDN Kulasekara (SL),2003-2007,5,11,3.0,11,6.6,34.73,0.0,0.0,0.010526316,NRS
194,194,MM Patel (INDIA),2006-2008,3,11,2.9090909089999997,15,5.33,53.33,0.0,0.0,0.05,NRS
195,195,S Sreesanth (INDIA),2005-2008,4,13,2.230769231,10,4.14,34.52,0.0,0.0,0.011904762,NRS
196,196,Mohammad Asif (Asia/PAK),2005-2007,3,10,2.8,6,4.66,37.83,0.0,0.0,0.027027027000000002,NRS
197,197,Shapoor Zadran (AFG),2009-2012,4,10,2.0,17,4.0,40.81,0.0,0.0,0.06122449,NRS
198,198,DPMD Jayawardene (SL),2001-2003,3,78,29.14102564,116,32.47,72.64,0.038461537999999997,0.141025641,0.060722275,NRS
199,199,Younis Khan (PAK),2001-2003,3,74,28.75675676,90,34.32,74.66,0.0,0.243243243,0.060350877000000004,NRS
200,200,KC Sangakkara (SL),2001-2003,3,76,23.52631579,103,26.68,70.0,0.026315789,0.092105263,0.070869225,NRS
201,201,HH Dippenaar (SA),2001-2003,3,42,37.47619048,93,44.97,66.07,0.0,0.333333333,0.06675063,NRS
202,202,KP Pietersen (ENG/ICC),2004-2006,3,27,46.96296296,116,60.38,97.16,0.111111111,0.333333333,0.11877394599999999,RS
203,203,A Flintoff (ENG),2001-2003,3,43,27.25581395,70,33.48,90.57,0.0,0.209302326,0.114374034,RS
204,204,DA Warner (AUS),2009-2012,4,34,30.88235294,163,30.88,81.83,0.058823529000000006,0.147058824,0.092751364,RS
205,205,D Mongia (INDIA),2001-2003,3,41,24.36585366,159,27.75,73.13,0.024390244,0.073170732,0.08272328,RS
206,206,TLW Cooper (NL),2010-2012,3,19,48.21052632,101,53.88,71.0,0.052631579000000005,0.42105263200000004,0.063565891,NRS
207,207,DA Gunawardene (SL),2001-2003,3,23,28.39130435,90,28.39,65.89,0.0,0.17391304300000002,0.073662967,NRS
208,208,AB Agarkar (INDIA),2001-2003,3,37,11.86486486,95,18.29,92.22,0.0,0.027027027000000002,0.102941176,NRS
209,209,ES Szwarczynski (NL),2006-2008,3,13,30.30769231,56,32.83,69.61,0.0,0.307692308,0.072438163,NRS
210,210,RM Haq (SCOT),2006-2008,3,18,21.0,71,21.0,68.1,0.0,0.166666667,0.088288288,NRS
211,211,DS Smith (WI),2004-2007,4,14,25.57142857,61,29.83,65.8,0.0,0.071428571,0.073529412,NRS
212,212,DJG Sammy (WI),2007-2009,3,22,15.95454545,51,20.64,87.31,0.0,0.045454545,0.08457711400000001,NRS
213,213,SD Outerbridge (BMUDA),2006-2009,4,23,14.60869565,56,14.6,54.9,0.0,0.043478261,0.052287582,NRS
214,214,F Mutizwa (ZIM),2009-2011,3,12,27.33333333,79,32.8,86.08,0.0,0.25,0.09186351699999999,RS
215,215,NN Odhiambo (KENYA),2006-2009,4,28,11.28571429,66,14.36,76.88,0.0,0.035714286,0.085158151,NRS
216,216,DLS van Bunge (NL),2006-2008,3,15,19.66666667,52,21.07,63.44,0.0,0.066666667,0.068817204,NRS
217,217,ID Blackwell (ENG),2002-2004,3,17,16.58823529,82,17.62,94.31,0.0,0.058823529000000006,0.107023411,NRS
218,218,J Mubarak (SL),2003-2006,4,15,18.8,61,18.8,61.03,0.0,0.133333333,0.07359307400000001,NRS
219,219,BJ Patel (KENYA),2001-2003,3,16,17.375,44,18.53,53.66,0.0,0.0,0.084942085,NRS
220,220,R Ashwin (INDIA),2010-2012,3,22,12.0,38,18.85,86.55,0.0,0.0,0.075409836,NRS
221,221,Jahurul Islam (BDESH),2010-2012,3,11,22.18181818,53,24.4,69.31,0.0,0.090909091,0.065340909,NRS
222,222,DNT Zoysa (SL),2001-2004,4,24,9.541666667000001,47,19.08,106.01,0.0,0.0,0.12037037,NRS
223,223,Mudassar Bukhari (NL),2007-2009,3,11,18.81818182,71,20.7,66.34,0.0,0.181818182,0.083333333,NRS
224,224,J Botha (Afr/SA),2005-2008,4,14,11.57142857,46,18.0,86.63,0.0,0.0,0.080213904,NRS
225,225,R Rampaul (WI),2007-2010,4,15,8.666666667000001,26,9.28,82.8,0.0,0.0,0.10191082800000001,NRS
226,226,M Morkel (Afr/SA),2007-2010,4,10,10.2,25,14.57,94.44,0.0,0.0,0.12037037,NRS
227,227,BAW Mendis (SL),2008-2011,4,22,4.5,15,7.61,68.75,0.0,0.0,0.048611111,NRS
228,228,Wahab Riaz (PAK),2008-2011,4,15,5.333333333,21,7.27,86.02,0.0,0.0,0.09677419400000001,NRS
229,229,Iftikhar Anjum (PAK),2004-2006,3,12,6.25,19,75.0,58.13,0.0,0.0,0.023255814,NRS
230,230,CD Collymore (WI),2001-2003,3,17,2.588235294,8,4.4,36.66,0.0,0.0,0.0,NRS
231,231,FH Edwards (WI),2004-2008,5,12,3.333333333,12,10.0,43.47,0.0,0.0,0.032608696,NRS
232,232,M Ntini (SA),2001-2003,3,11,3.6363636360000005,14,5.0,59.7,0.0,0.0,0.074626866,NRS
233,233,Yasir Hameed (PAK),2003-2005,3,46,37.10869565,127,37.93,68.47,0.065217391,0.19565217399999998,0.077416767,NRS
234,234,CD McMillan (NZ),2001-2003,3,58,28.68965517,105,30.25,77.72,0.034482759,0.155172414,0.075665577,RS
235,235,WW Hinds (WI),2001-2003,3,49,27.69387755,125,30.15,74.51,0.040816327,0.18367346899999998,0.086216365,RS
236,236,HJH Marshall (NZ),2003-2006,4,47,26.36170213,101,30.97,72.71,0.021276596000000002,0.23404255300000001,0.053403756,NRS
237,237,MV Boucher (SA),2001-2003,3,54,21.40740741,70,28.9,82.86,0.0,0.12962963,0.075268817,RS
238,238,JD Ryder (NZ),2008-2011,4,30,34.7,107,35.89,90.99,0.066666667,0.166666667,0.12150349699999999,RS
239,239,SE Marsh (AUS),2008-2010,3,27,37.33333333,112,38.76,76.53,0.037037037,0.25925925899999996,0.079726651,RS
240,240,HM Amla (SA),2008-2010,3,23,42.13043478,140,48.45,84.18,0.043478261,0.304347826,0.09035621199999999,RS
241,241,Asad Shafiq (PAK),2010-2012,3,34,27.35294118,78,30.0,69.81,0.0,0.20588235300000002,0.06381381400000001,NRS
242,242,PD Collingwood (ENG),2001-2003,3,37,23.62162162,100,32.37,77.0,0.027027027000000002,0.135135135,0.05814978,NRS
243,243,TD Paine (AUS),2009-2011,3,26,28.34615385,111,29.48,68.87,0.038461537999999997,0.192307692,0.085046729,NRS
244,244,Saleem Elahi (PAK),2001-2003,3,18,40.5,135,40.5,76.25,0.166666667,0.166666667,0.085774059,RS
245,245,JM How (NZ),2005-2008,4,18,39.88888889,139,42.23,72.96,0.055555556,0.333333333,0.088414634,RS
246,246,NJ O'Brien (IRE),2006-2008,3,29,24.4137931,72,25.28,64.89,0.0,0.24137931,0.060494959,NRS
247,247,CJ Ferguson (AUS),2009-2011,3,25,26.52,71,41.43,85.32,0.0,0.2,0.082368082,RS
248,248,PA Patel (INDIA),2010-2012,3,24,25.16666667,95,27.45,82.06,0.0,0.166666667,0.09918478300000001,RS
249,249,HK Badani (INDIA),2001-2003,3,21,21.76190476,100,26.88,70.96,0.047619048,0.047619048,0.069875776,NRS
250,250,Mohammad Nabi (AFG),2009-2011,3,16,26.8125,62,35.75,97.5,0.0,0.25,0.106818182,NRS
251,251,N Deonarine (WI),2007-2010,4,15,27.93333333,65,34.91,76.04,0.0,0.26666666699999997,0.072595281,NRS
252,252,CA Ingram (SA),2010-2012,3,13,29.84615385,124,35.27,90.02,0.153846154,0.0,0.097447796,NRS
253,253,Javed Omar (BDESH),2001-2003,3,17,18.58823529,69,19.75,45.86,0.0,0.117647059,0.046444122000000004,NRS
254,254,SR Patel (ENG),2008-2011,4,13,23.53846154,70,27.81,91.89,0.0,0.076923077,0.087087087,RS
255,255,MN Waller (ZIM),2009-2011,3,18,16.27777778,63,17.23,76.1,0.0,0.111111111,0.08831168800000001,NRS
256,256,B Lee (AUS),2001-2003,3,23,10.91304348,51,14.76,79.68,0.0,0.043478261,0.063492063,NRS
257,257,S Randiv (SL),2009-2011,3,15,15.93333333,56,17.07,71.55,0.0,0.066666667,0.07485029900000001,NRS
258,258,BJ Watling (NZ),2010-2012,3,10,23.5,72,26.11,71.21,0.0,0.3,0.072727273,RS
259,259,JA Morkel (Afr/SA),2005-2008,4,11,17.81818182,97,17.81,89.9,0.0,0.090909091,0.114678899,NRS
260,260,Mushfiqur Rahman (BDESH),2001-2003,3,11,15.54545455,36,19.0,55.51,0.0,0.0,0.058441558,NRS
261,261,PJ Ongondo (KENYA),2001-2003,3,17,8.294117647,36,10.84,77.9,0.0,0.0,0.066298343,NRS
262,262,Naved-ul-Hasan (PAK),2003-2005,3,14,10.0,29,17.5,73.68,0.0,0.0,0.073684211,NRS
263,263,RJ Peterson (SA),2002-2006,5,10,9.8,36,10.88,66.21,0.0,0.0,0.060810811,NRS
264,264,Saqlain Mushtaq (PAK),2001-2003,3,22,4.227272727,13,10.33,44.28,0.0,0.0,0.023809524,NRS
265,265,MG Johnson (AUS),2005-2008,4,18,5.1111111110000005,24,9.2,73.01,0.0,0.0,0.055555556,NRS
266,266,DW Steyn (SA),2007-2010,4,12,6.833333333,35,11.71,102.5,0.0,0.0,0.1,NRS
267,267,BA Murphy (ZIM),2001-2003,3,14,4.714285714,20,8.25,55.0,0.0,0.0,0.041666667000000004,NRS
268,268,SJ Harmison (ENG),2002-2005,4,14,3.857142857,13,10.8,58.69,0.0,0.0,0.02173913,NRS
